[2026-08-17T20:32:05.962+0000] {processor.py:186} INFO - Started process (PID=51) to work on /opt/airflow/dags/weather_pipeline.py
[2026-08-17T20:32:05.967+0000] {processor.py:914} INFO - Processing file /opt/airflow/dags/weather_pipeline.py for tasks to queue
[2026-08-17T20:32:05.974+0000] {logging_mixin.py:190} INFO - [2026-08-17T20:32:05.973+0000] {dagbag.py:588} INFO - Filling up the DagBag from /opt/airflow/dags/weather_pipeline.py
[2026-08-17T20:32:05.993+0000] {processor.py:925} INFO - DAG(s) 'weather_data_integration_phase7' retrieved from /opt/airflow/dags/weather_pipeline.py
[2026-08-17T20:32:06.227+0000] {logging_mixin.py:190} INFO - [2026-08-17T20:32:06.227+0000] {override.py:1900} INFO - Created Permission View: can edit on DAG:weather_data_integration_phase7
[2026-08-17T20:32:06.250+0000] {logging_mixin.py:190} INFO - [2026-08-17T20:32:06.250+0000] {override.py:1900} INFO - Created Permission View: can read on DAG:weather_data_integration_phase7
[2026-08-17T20:32:06.271+0000] {logging_mixin.py:190} INFO - [2026-08-17T20:32:06.270+0000] {override.py:1900} INFO - Created Permission View: can delete on DAG:weather_data_integration_phase7
[2026-08-17T20:32:06.299+0000] {logging_mixin.py:190} INFO - [2026-08-17T20:32:06.299+0000] {override.py:1900} INFO - Created Permission View: menu access on DAG Run:weather_data_integration_phase7
[2026-08-17T20:32:06.314+0000] {logging_mixin.py:190} INFO - [2026-08-17T20:32:06.314+0000] {override.py:1900} INFO - Created Permission View: can delete on DAG Run:weather_data_integration_phase7
[2026-08-17T20:32:06.334+0000] {logging_mixin.py:190} INFO - [2026-08-17T20:32:06.334+0000] {override.py:1900} INFO - Created Permission View: can read on DAG Run:weather_data_integration_phase7
[2026-08-17T20:32:06.352+0000] {logging_mixin.py:190} INFO - [2026-08-17T20:32:06.352+0000] {override.py:1900} INFO - Created Permission View: can create on DAG Run:weather_data_integration_phase7
[2026-08-17T20:32:06.353+0000] {logging_mixin.py:190} INFO - [2026-08-17T20:32:06.353+0000] {dag.py:3239} INFO - Sync 1 DAGs
[2026-08-17T20:32:06.367+0000] {logging_mixin.py:190} INFO - [2026-08-17T20:32:06.367+0000] {dag.py:3262} INFO - Creating ORM DAG for weather_data_integration_phase7
[2026-08-17T20:32:06.376+0000] {logging_mixin.py:190} INFO - [2026-08-17T20:32:06.376+0000] {dag.py:4180} INFO - Setting next_dagrun for weather_data_integration_phase7 to 2026-08-16 04:00:00+00:00, run_after=2026-08-17 04:00:00+00:00
[2026-08-17T20:32:06.400+0000] {processor.py:208} INFO - Processing /opt/airflow/dags/weather_pipeline.py took 0.450 seconds
[2026-08-17T20:32:36.862+0000] {processor.py:186} INFO - Started process (PID=71) to work on /opt/airflow/dags/weather_pipeline.py
[2026-08-17T20:32:36.864+0000] {processor.py:914} INFO - Processing file /opt/airflow/dags/weather_pipeline.py for tasks to queue
[2026-08-17T20:32:36.867+0000] {logging_mixin.py:190} INFO - [2026-08-17T20:32:36.867+0000] {dagbag.py:588} INFO - Filling up the DagBag from /opt/airflow/dags/weather_pipeline.py
[2026-08-17T20:32:36.890+0000] {processor.py:925} INFO - DAG(s) 'weather_data_integration_phase7' retrieved from /opt/airflow/dags/weather_pipeline.py
[2026-08-17T20:32:36.930+0000] {logging_mixin.py:190} INFO - [2026-08-17T20:32:36.930+0000] {dag.py:3239} INFO - Sync 1 DAGs
[2026-08-17T20:32:36.950+0000] {logging_mixin.py:190} INFO - [2026-08-17T20:32:36.950+0000] {dag.py:4180} INFO - Setting next_dagrun for weather_data_integration_phase7 to 2026-08-16 04:00:00+00:00, run_after=2026-08-17 04:00:00+00:00
[2026-08-17T20:32:36.975+0000] {processor.py:208} INFO - Processing /opt/airflow/dags/weather_pipeline.py took 0.117 seconds
[2026-08-17T20:33:07.611+0000] {processor.py:186} INFO - Started process (PID=79) to work on /opt/airflow/dags/weather_pipeline.py
[2026-08-17T20:33:07.613+0000] {processor.py:914} INFO - Processing file /opt/airflow/dags/weather_pipeline.py for tasks to queue
[2026-08-17T20:33:07.615+0000] {logging_mixin.py:190} INFO - [2026-08-17T20:33:07.615+0000] {dagbag.py:588} INFO - Filling up the DagBag from /opt/airflow/dags/weather_pipeline.py
[2026-08-17T20:33:07.633+0000] {processor.py:925} INFO - DAG(s) 'weather_data_integration_phase7' retrieved from /opt/airflow/dags/weather_pipeline.py
[2026-08-17T20:33:07.650+0000] {logging_mixin.py:190} INFO - [2026-08-17T20:33:07.650+0000] {dag.py:3239} INFO - Sync 1 DAGs
[2026-08-17T20:33:07.665+0000] {logging_mixin.py:190} INFO - [2026-08-17T20:33:07.665+0000] {dag.py:4180} INFO - Setting next_dagrun for weather_data_integration_phase7 to 2026-08-16 04:00:00+00:00, run_after=2026-08-17 04:00:00+00:00
[2026-08-17T20:33:07.690+0000] {processor.py:208} INFO - Processing /opt/airflow/dags/weather_pipeline.py took 0.083 seconds
[2026-08-17T20:33:38.012+0000] {processor.py:186} INFO - Started process (PID=92) to work on /opt/airflow/dags/weather_pipeline.py
[2026-08-17T20:33:38.014+0000] {processor.py:914} INFO - Processing file /opt/airflow/dags/weather_pipeline.py for tasks to queue
[2026-08-17T20:33:38.016+0000] {logging_mixin.py:190} INFO - [2026-08-17T20:33:38.016+0000] {dagbag.py:588} INFO - Filling up the DagBag from /opt/airflow/dags/weather_pipeline.py
[2026-08-17T20:33:38.036+0000] {processor.py:925} INFO - DAG(s) 'weather_data_integration_phase7' retrieved from /opt/airflow/dags/weather_pipeline.py
[2026-08-17T20:33:38.056+0000] {logging_mixin.py:190} INFO - [2026-08-17T20:33:38.056+0000] {dag.py:3239} INFO - Sync 1 DAGs
[2026-08-17T20:33:38.072+0000] {logging_mixin.py:190} INFO - [2026-08-17T20:33:38.071+0000] {dag.py:4180} INFO - Setting next_dagrun for weather_data_integration_phase7 to 2026-08-16 04:00:00+00:00, run_after=2026-08-17 04:00:00+00:00
[2026-08-17T20:33:38.102+0000] {processor.py:208} INFO - Processing /opt/airflow/dags/weather_pipeline.py took 0.094 seconds
[2026-08-17T20:34:08.507+0000] {processor.py:186} INFO - Started process (PID=99) to work on /opt/airflow/dags/weather_pipeline.py
[2026-08-17T20:34:08.509+0000] {processor.py:914} INFO - Processing file /opt/airflow/dags/weather_pipeline.py for tasks to queue
[2026-08-17T20:34:08.512+0000] {logging_mixin.py:190} INFO - [2026-08-17T20:34:08.512+0000] {dagbag.py:588} INFO - Filling up the DagBag from /opt/airflow/dags/weather_pipeline.py
[2026-08-17T20:34:08.531+0000] {processor.py:925} INFO - DAG(s) 'weather_data_integration_phase7' retrieved from /opt/airflow/dags/weather_pipeline.py
[2026-08-17T20:34:08.555+0000] {logging_mixin.py:190} INFO - [2026-08-17T20:34:08.554+0000] {dag.py:3239} INFO - Sync 1 DAGs
[2026-08-17T20:34:08.573+0000] {logging_mixin.py:190} INFO - [2026-08-17T20:34:08.573+0000] {dag.py:4180} INFO - Setting next_dagrun for weather_data_integration_phase7 to 2026-08-16 04:00:00+00:00, run_after=2026-08-17 04:00:00+00:00
[2026-08-17T20:34:08.597+0000] {processor.py:208} INFO - Processing /opt/airflow/dags/weather_pipeline.py took 0.095 seconds
[2026-08-17T20:34:38.994+0000] {processor.py:186} INFO - Started process (PID=100) to work on /opt/airflow/dags/weather_pipeline.py
[2026-08-17T20:34:38.995+0000] {processor.py:914} INFO - Processing file /opt/airflow/dags/weather_pipeline.py for tasks to queue
[2026-08-17T20:34:39.000+0000] {logging_mixin.py:190} INFO - [2026-08-17T20:34:38.999+0000] {dagbag.py:588} INFO - Filling up the DagBag from /opt/airflow/dags/weather_pipeline.py
[2026-08-17T20:34:39.029+0000] {processor.py:925} INFO - DAG(s) 'weather_data_integration_phase7' retrieved from /opt/airflow/dags/weather_pipeline.py
[2026-08-17T20:34:39.054+0000] {logging_mixin.py:190} INFO - [2026-08-17T20:34:39.053+0000] {dag.py:3239} INFO - Sync 1 DAGs
[2026-08-17T20:34:39.077+0000] {logging_mixin.py:190} INFO - [2026-08-17T20:34:39.077+0000] {dag.py:4180} INFO - Setting next_dagrun for weather_data_integration_phase7 to 2026-08-16 04:00:00+00:00, run_after=2026-08-17 04:00:00+00:00
[2026-08-17T20:34:39.105+0000] {processor.py:208} INFO - Processing /opt/airflow/dags/weather_pipeline.py took 0.117 seconds
[2026-08-17T20:35:09.357+0000] {processor.py:186} INFO - Started process (PID=101) to work on /opt/airflow/dags/weather_pipeline.py
[2026-08-17T20:35:09.359+0000] {processor.py:914} INFO - Processing file /opt/airflow/dags/weather_pipeline.py for tasks to queue
[2026-08-17T20:35:09.362+0000] {logging_mixin.py:190} INFO - [2026-08-17T20:35:09.362+0000] {dagbag.py:588} INFO - Filling up the DagBag from /opt/airflow/dags/weather_pipeline.py
[2026-08-17T20:35:09.383+0000] {processor.py:925} INFO - DAG(s) 'weather_data_integration_phase7' retrieved from /opt/airflow/dags/weather_pipeline.py
[2026-08-17T20:35:09.404+0000] {logging_mixin.py:190} INFO - [2026-08-17T20:35:09.403+0000] {dag.py:3239} INFO - Sync 1 DAGs
[2026-08-17T20:35:09.420+0000] {logging_mixin.py:190} INFO - [2026-08-17T20:35:09.420+0000] {dag.py:4180} INFO - Setting next_dagrun for weather_data_integration_phase7 to 2026-08-16 04:00:00+00:00, run_after=2026-08-17 04:00:00+00:00
[2026-08-17T20:35:09.455+0000] {processor.py:208} INFO - Processing /opt/airflow/dags/weather_pipeline.py took 0.104 seconds
[2026-08-17T20:35:39.829+0000] {processor.py:186} INFO - Started process (PID=102) to work on /opt/airflow/dags/weather_pipeline.py
[2026-08-17T20:35:39.830+0000] {processor.py:914} INFO - Processing file /opt/airflow/dags/weather_pipeline.py for tasks to queue
[2026-08-17T20:35:39.833+0000] {logging_mixin.py:190} INFO - [2026-08-17T20:35:39.833+0000] {dagbag.py:588} INFO - Filling up the DagBag from /opt/airflow/dags/weather_pipeline.py
[2026-08-17T20:35:39.852+0000] {processor.py:925} INFO - DAG(s) 'weather_data_integration_phase7' retrieved from /opt/airflow/dags/weather_pipeline.py
[2026-08-17T20:35:39.874+0000] {logging_mixin.py:190} INFO - [2026-08-17T20:35:39.874+0000] {dag.py:3239} INFO - Sync 1 DAGs
[2026-08-17T20:35:39.892+0000] {logging_mixin.py:190} INFO - [2026-08-17T20:35:39.892+0000] {dag.py:4180} INFO - Setting next_dagrun for weather_data_integration_phase7 to 2026-08-16 04:00:00+00:00, run_after=2026-08-17 04:00:00+00:00
[2026-08-17T20:35:39.918+0000] {processor.py:208} INFO - Processing /opt/airflow/dags/weather_pipeline.py took 0.096 seconds
[2026-08-17T20:36:10.308+0000] {processor.py:186} INFO - Started process (PID=119) to work on /opt/airflow/dags/weather_pipeline.py
[2026-08-17T20:36:10.312+0000] {processor.py:914} INFO - Processing file /opt/airflow/dags/weather_pipeline.py for tasks to queue
[2026-08-17T20:36:10.319+0000] {logging_mixin.py:190} INFO - [2026-08-17T20:36:10.319+0000] {dagbag.py:588} INFO - Filling up the DagBag from /opt/airflow/dags/weather_pipeline.py
[2026-08-17T20:36:10.338+0000] {processor.py:925} INFO - DAG(s) 'weather_data_integration_phase7' retrieved from /opt/airflow/dags/weather_pipeline.py
[2026-08-17T20:36:10.370+0000] {logging_mixin.py:190} INFO - [2026-08-17T20:36:10.370+0000] {dag.py:3239} INFO - Sync 1 DAGs
[2026-08-17T20:36:10.393+0000] {logging_mixin.py:190} INFO - [2026-08-17T20:36:10.393+0000] {dag.py:4180} INFO - Setting next_dagrun for weather_data_integration_phase7 to 2026-08-16 04:00:00+00:00, run_after=2026-08-17 04:00:00+00:00
[2026-08-17T20:36:10.420+0000] {processor.py:208} INFO - Processing /opt/airflow/dags/weather_pipeline.py took 0.118 seconds
[2026-08-17T20:36:40.636+0000] {processor.py:186} INFO - Started process (PID=121) to work on /opt/airflow/dags/weather_pipeline.py
[2026-08-17T20:36:40.638+0000] {processor.py:914} INFO - Processing file /opt/airflow/dags/weather_pipeline.py for tasks to queue
[2026-08-17T20:36:40.640+0000] {logging_mixin.py:190} INFO - [2026-08-17T20:36:40.640+0000] {dagbag.py:588} INFO - Filling up the DagBag from /opt/airflow/dags/weather_pipeline.py
[2026-08-17T20:36:40.657+0000] {processor.py:925} INFO - DAG(s) 'weather_data_integration_phase7' retrieved from /opt/airflow/dags/weather_pipeline.py
[2026-08-17T20:36:40.677+0000] {logging_mixin.py:190} INFO - [2026-08-17T20:36:40.677+0000] {dag.py:3239} INFO - Sync 1 DAGs
[2026-08-17T20:36:40.694+0000] {logging_mixin.py:190} INFO - [2026-08-17T20:36:40.694+0000] {dag.py:4180} INFO - Setting next_dagrun for weather_data_integration_phase7 to 2026-08-16 04:00:00+00:00, run_after=2026-08-17 04:00:00+00:00
[2026-08-17T20:36:40.728+0000] {processor.py:208} INFO - Processing /opt/airflow/dags/weather_pipeline.py took 0.097 seconds
[2026-08-17T20:37:11.153+0000] {processor.py:186} INFO - Started process (PID=122) to work on /opt/airflow/dags/weather_pipeline.py
[2026-08-17T20:37:11.154+0000] {processor.py:914} INFO - Processing file /opt/airflow/dags/weather_pipeline.py for tasks to queue
[2026-08-17T20:37:11.156+0000] {logging_mixin.py:190} INFO - [2026-08-17T20:37:11.156+0000] {dagbag.py:588} INFO - Filling up the DagBag from /opt/airflow/dags/weather_pipeline.py
[2026-08-17T20:37:11.173+0000] {processor.py:925} INFO - DAG(s) 'weather_data_integration_phase7' retrieved from /opt/airflow/dags/weather_pipeline.py
[2026-08-17T20:37:11.193+0000] {logging_mixin.py:190} INFO - [2026-08-17T20:37:11.193+0000] {dag.py:3239} INFO - Sync 1 DAGs
[2026-08-17T20:37:11.211+0000] {logging_mixin.py:190} INFO - [2026-08-17T20:37:11.211+0000] {dag.py:4180} INFO - Setting next_dagrun for weather_data_integration_phase7 to 2026-08-16 04:00:00+00:00, run_after=2026-08-17 04:00:00+00:00
[2026-08-17T20:37:11.246+0000] {processor.py:208} INFO - Processing /opt/airflow/dags/weather_pipeline.py took 0.098 seconds
[2026-08-17T20:37:41.657+0000] {processor.py:186} INFO - Started process (PID=134) to work on /opt/airflow/dags/weather_pipeline.py
[2026-08-17T20:37:41.659+0000] {processor.py:914} INFO - Processing file /opt/airflow/dags/weather_pipeline.py for tasks to queue
[2026-08-17T20:37:41.663+0000] {logging_mixin.py:190} INFO - [2026-08-17T20:37:41.663+0000] {dagbag.py:588} INFO - Filling up the DagBag from /opt/airflow/dags/weather_pipeline.py
[2026-08-17T20:37:41.691+0000] {processor.py:925} INFO - DAG(s) 'weather_data_integration_phase7' retrieved from /opt/airflow/dags/weather_pipeline.py
[2026-08-17T20:37:41.718+0000] {logging_mixin.py:190} INFO - [2026-08-17T20:37:41.718+0000] {dag.py:3239} INFO - Sync 1 DAGs
[2026-08-17T20:37:41.737+0000] {logging_mixin.py:190} INFO - [2026-08-17T20:37:41.737+0000] {dag.py:4180} INFO - Setting next_dagrun for weather_data_integration_phase7 to 2026-08-16 04:00:00+00:00, run_after=2026-08-17 04:00:00+00:00
[2026-08-17T20:37:41.766+0000] {processor.py:208} INFO - Processing /opt/airflow/dags/weather_pipeline.py took 0.116 seconds
[2026-08-17T20:38:12.550+0000] {processor.py:186} INFO - Started process (PID=145) to work on /opt/airflow/dags/weather_pipeline.py
[2026-08-17T20:38:12.551+0000] {processor.py:914} INFO - Processing file /opt/airflow/dags/weather_pipeline.py for tasks to queue
[2026-08-17T20:38:12.554+0000] {logging_mixin.py:190} INFO - [2026-08-17T20:38:12.554+0000] {dagbag.py:588} INFO - Filling up the DagBag from /opt/airflow/dags/weather_pipeline.py
[2026-08-17T20:38:12.575+0000] {processor.py:925} INFO - DAG(s) 'weather_data_integration_phase7' retrieved from /opt/airflow/dags/weather_pipeline.py
[2026-08-17T20:38:12.595+0000] {logging_mixin.py:190} INFO - [2026-08-17T20:38:12.595+0000] {dag.py:3239} INFO - Sync 1 DAGs
[2026-08-17T20:38:12.636+0000] {processor.py:208} INFO - Processing /opt/airflow/dags/weather_pipeline.py took 0.091 seconds
[2026-08-17T20:38:42.912+0000] {processor.py:186} INFO - Started process (PID=146) to work on /opt/airflow/dags/weather_pipeline.py
[2026-08-17T20:38:42.913+0000] {processor.py:914} INFO - Processing file /opt/airflow/dags/weather_pipeline.py for tasks to queue
[2026-08-17T20:38:42.915+0000] {logging_mixin.py:190} INFO - [2026-08-17T20:38:42.915+0000] {dagbag.py:588} INFO - Filling up the DagBag from /opt/airflow/dags/weather_pipeline.py
[2026-08-17T20:38:42.933+0000] {processor.py:925} INFO - DAG(s) 'weather_data_integration_phase7' retrieved from /opt/airflow/dags/weather_pipeline.py
[2026-08-17T20:38:42.950+0000] {logging_mixin.py:190} INFO - [2026-08-17T20:38:42.949+0000] {dag.py:3239} INFO - Sync 1 DAGs
[2026-08-17T20:38:42.990+0000] {processor.py:208} INFO - Processing /opt/airflow/dags/weather_pipeline.py took 0.083 seconds
[2026-08-17T20:38:53.020+0000] {processor.py:186} INFO - Started process (PID=157) to work on /opt/airflow/dags/weather_pipeline.py
[2026-08-17T20:38:53.021+0000] {processor.py:914} INFO - Processing file /opt/airflow/dags/weather_pipeline.py for tasks to queue
[2026-08-17T20:38:53.024+0000] {logging_mixin.py:190} INFO - [2026-08-17T20:38:53.024+0000] {dagbag.py:588} INFO - Filling up the DagBag from /opt/airflow/dags/weather_pipeline.py
[2026-08-17T20:38:53.040+0000] {processor.py:925} INFO - DAG(s) 'weather_data_integration_phase7' retrieved from /opt/airflow/dags/weather_pipeline.py
[2026-08-17T20:38:53.061+0000] {logging_mixin.py:190} INFO - [2026-08-17T20:38:53.061+0000] {dag.py:1660} INFO - Executing dag callback function: <function audit_failure at 0x7a326a173240>
[2026-08-17T20:38:53.072+0000] {logging_mixin.py:190} INFO - [2026-08-17T20:38:53.062+0000] {dag.py:1664} ERROR - failed to invoke dag state update callback
Traceback (most recent call last):
  File "/home/airflow/.local/lib/python3.11/site-packages/airflow/models/dag.py", line 1662, in execute_callback
    callback(context)
  File "/opt/airflow/dags/weather_pipeline.py", line 31, in audit_failure
    write_audit_event("DAG_FAILURE", context)
  File "/opt/airflow/plugins/pipeline_audit.py", line 19, in write_audit_event
    AUDIT_FILE.parent.mkdir(parents=True, exist_ok=True)
    ^^^^^^^^^^^^^^^^^
AttributeError: 'str' object has no attribute 'parent'
[2026-08-17T20:38:53.088+0000] {logging_mixin.py:190} INFO - [2026-08-17T20:38:53.087+0000] {dag.py:3239} INFO - Sync 1 DAGs
[2026-08-17T20:38:53.120+0000] {processor.py:208} INFO - Processing /opt/airflow/dags/weather_pipeline.py took 0.104 seconds
[2026-08-17T20:39:23.302+0000] {processor.py:186} INFO - Started process (PID=168) to work on /opt/airflow/dags/weather_pipeline.py
[2026-08-17T20:39:23.303+0000] {processor.py:914} INFO - Processing file /opt/airflow/dags/weather_pipeline.py for tasks to queue
[2026-08-17T20:39:23.305+0000] {logging_mixin.py:190} INFO - [2026-08-17T20:39:23.305+0000] {dagbag.py:588} INFO - Filling up the DagBag from /opt/airflow/dags/weather_pipeline.py
[2026-08-17T20:39:23.323+0000] {processor.py:925} INFO - DAG(s) 'weather_data_integration_phase7' retrieved from /opt/airflow/dags/weather_pipeline.py
[2026-08-17T20:39:23.352+0000] {logging_mixin.py:190} INFO - [2026-08-17T20:39:23.352+0000] {dag.py:3239} INFO - Sync 1 DAGs
[2026-08-17T20:39:23.404+0000] {processor.py:208} INFO - Processing /opt/airflow/dags/weather_pipeline.py took 0.107 seconds
[2026-08-17T20:39:53.866+0000] {processor.py:186} INFO - Started process (PID=169) to work on /opt/airflow/dags/weather_pipeline.py
[2026-08-17T20:39:53.868+0000] {processor.py:914} INFO - Processing file /opt/airflow/dags/weather_pipeline.py for tasks to queue
[2026-08-17T20:39:53.872+0000] {logging_mixin.py:190} INFO - [2026-08-17T20:39:53.871+0000] {dagbag.py:588} INFO - Filling up the DagBag from /opt/airflow/dags/weather_pipeline.py
[2026-08-17T20:39:53.892+0000] {processor.py:925} INFO - DAG(s) 'weather_data_integration_phase7' retrieved from /opt/airflow/dags/weather_pipeline.py
[2026-08-17T20:39:53.914+0000] {logging_mixin.py:190} INFO - [2026-08-17T20:39:53.914+0000] {dag.py:3239} INFO - Sync 1 DAGs
[2026-08-17T20:39:53.959+0000] {processor.py:208} INFO - Processing /opt/airflow/dags/weather_pipeline.py took 0.097 seconds
[2026-08-17T20:40:01.986+0000] {processor.py:186} INFO - Started process (PID=180) to work on /opt/airflow/dags/weather_pipeline.py
[2026-08-17T20:40:01.987+0000] {processor.py:914} INFO - Processing file /opt/airflow/dags/weather_pipeline.py for tasks to queue
[2026-08-17T20:40:01.990+0000] {logging_mixin.py:190} INFO - [2026-08-17T20:40:01.990+0000] {dagbag.py:588} INFO - Filling up the DagBag from /opt/airflow/dags/weather_pipeline.py
[2026-08-17T20:40:02.008+0000] {processor.py:925} INFO - DAG(s) 'weather_data_integration_phase7' retrieved from /opt/airflow/dags/weather_pipeline.py
[2026-08-17T20:40:02.031+0000] {logging_mixin.py:190} INFO - [2026-08-17T20:40:02.031+0000] {dag.py:1660} INFO - Executing dag callback function: <function audit_failure at 0x7a326a171580>
[2026-08-17T20:40:02.040+0000] {logging_mixin.py:190} INFO - [2026-08-17T20:40:02.032+0000] {dag.py:1664} ERROR - failed to invoke dag state update callback
Traceback (most recent call last):
  File "/home/airflow/.local/lib/python3.11/site-packages/airflow/models/dag.py", line 1662, in execute_callback
    callback(context)
  File "/opt/airflow/dags/weather_pipeline.py", line 31, in audit_failure
    write_audit_event("DAG_FAILURE", context)
  File "/opt/airflow/plugins/pipeline_audit.py", line 19, in write_audit_event
    AUDIT_FILE.parent.mkdir(parents=True, exist_ok=True)
    ^^^^^^^^^^^^^^^^^
AttributeError: 'str' object has no attribute 'parent'
[2026-08-17T20:40:02.055+0000] {logging_mixin.py:190} INFO - [2026-08-17T20:40:02.055+0000] {dag.py:3239} INFO - Sync 1 DAGs
[2026-08-17T20:40:02.069+0000] {logging_mixin.py:190} INFO - [2026-08-17T20:40:02.069+0000] {dag.py:4180} INFO - Setting next_dagrun for weather_data_integration_phase7 to 2026-08-17 04:00:00+00:00, run_after=2026-08-18 04:00:00+00:00
[2026-08-17T20:40:02.095+0000] {processor.py:208} INFO - Processing /opt/airflow/dags/weather_pipeline.py took 0.114 seconds
[2026-08-17T20:40:33.175+0000] {processor.py:186} INFO - Started process (PID=181) to work on /opt/airflow/dags/weather_pipeline.py
[2026-08-17T20:40:33.176+0000] {processor.py:914} INFO - Processing file /opt/airflow/dags/weather_pipeline.py for tasks to queue
[2026-08-17T20:40:33.179+0000] {logging_mixin.py:190} INFO - [2026-08-17T20:40:33.178+0000] {dagbag.py:588} INFO - Filling up the DagBag from /opt/airflow/dags/weather_pipeline.py
[2026-08-17T20:40:33.195+0000] {processor.py:925} INFO - DAG(s) 'weather_data_integration_phase7' retrieved from /opt/airflow/dags/weather_pipeline.py
[2026-08-17T20:40:33.212+0000] {logging_mixin.py:190} INFO - [2026-08-17T20:40:33.212+0000] {dag.py:3239} INFO - Sync 1 DAGs
[2026-08-17T20:40:33.227+0000] {logging_mixin.py:190} INFO - [2026-08-17T20:40:33.227+0000] {dag.py:4180} INFO - Setting next_dagrun for weather_data_integration_phase7 to 2026-08-17 04:00:00+00:00, run_after=2026-08-18 04:00:00+00:00
[2026-08-17T20:40:33.260+0000] {processor.py:208} INFO - Processing /opt/airflow/dags/weather_pipeline.py took 0.089 seconds
[2026-08-17T20:41:03.474+0000] {processor.py:186} INFO - Started process (PID=182) to work on /opt/airflow/dags/weather_pipeline.py
[2026-08-17T20:41:03.476+0000] {processor.py:914} INFO - Processing file /opt/airflow/dags/weather_pipeline.py for tasks to queue
[2026-08-17T20:41:03.478+0000] {logging_mixin.py:190} INFO - [2026-08-17T20:41:03.478+0000] {dagbag.py:588} INFO - Filling up the DagBag from /opt/airflow/dags/weather_pipeline.py
[2026-08-17T20:41:03.494+0000] {processor.py:925} INFO - DAG(s) 'weather_data_integration_phase7' retrieved from /opt/airflow/dags/weather_pipeline.py
[2026-08-17T20:41:03.511+0000] {logging_mixin.py:190} INFO - [2026-08-17T20:41:03.511+0000] {dag.py:3239} INFO - Sync 1 DAGs
[2026-08-17T20:41:03.527+0000] {logging_mixin.py:190} INFO - [2026-08-17T20:41:03.527+0000] {dag.py:4180} INFO - Setting next_dagrun for weather_data_integration_phase7 to 2026-08-17 04:00:00+00:00, run_after=2026-08-18 04:00:00+00:00
[2026-08-17T20:41:03.550+0000] {processor.py:208} INFO - Processing /opt/airflow/dags/weather_pipeline.py took 0.079 seconds
[2026-08-17T20:41:33.750+0000] {processor.py:186} INFO - Started process (PID=183) to work on /opt/airflow/dags/weather_pipeline.py
[2026-08-17T20:41:33.751+0000] {processor.py:914} INFO - Processing file /opt/airflow/dags/weather_pipeline.py for tasks to queue
[2026-08-17T20:41:33.754+0000] {logging_mixin.py:190} INFO - [2026-08-17T20:41:33.753+0000] {dagbag.py:588} INFO - Filling up the DagBag from /opt/airflow/dags/weather_pipeline.py
[2026-08-17T20:41:33.771+0000] {processor.py:925} INFO - DAG(s) 'weather_data_integration_phase7' retrieved from /opt/airflow/dags/weather_pipeline.py
[2026-08-17T20:41:33.788+0000] {logging_mixin.py:190} INFO - [2026-08-17T20:41:33.787+0000] {dag.py:3239} INFO - Sync 1 DAGs
[2026-08-17T20:41:33.803+0000] {logging_mixin.py:190} INFO - [2026-08-17T20:41:33.803+0000] {dag.py:4180} INFO - Setting next_dagrun for weather_data_integration_phase7 to 2026-08-17 04:00:00+00:00, run_after=2026-08-18 04:00:00+00:00
[2026-08-17T20:41:33.828+0000] {processor.py:208} INFO - Processing /opt/airflow/dags/weather_pipeline.py took 0.083 seconds
[2026-08-17T20:42:04.028+0000] {processor.py:186} INFO - Started process (PID=184) to work on /opt/airflow/dags/weather_pipeline.py
[2026-08-17T20:42:04.029+0000] {processor.py:914} INFO - Processing file /opt/airflow/dags/weather_pipeline.py for tasks to queue
[2026-08-17T20:42:04.031+0000] {logging_mixin.py:190} INFO - [2026-08-17T20:42:04.031+0000] {dagbag.py:588} INFO - Filling up the DagBag from /opt/airflow/dags/weather_pipeline.py
[2026-08-17T20:42:04.048+0000] {processor.py:925} INFO - DAG(s) 'weather_data_integration_phase7' retrieved from /opt/airflow/dags/weather_pipeline.py
[2026-08-17T20:42:04.068+0000] {logging_mixin.py:190} INFO - [2026-08-17T20:42:04.068+0000] {dag.py:3239} INFO - Sync 1 DAGs
[2026-08-17T20:42:04.087+0000] {logging_mixin.py:190} INFO - [2026-08-17T20:42:04.086+0000] {dag.py:4180} INFO - Setting next_dagrun for weather_data_integration_phase7 to 2026-08-17 04:00:00+00:00, run_after=2026-08-18 04:00:00+00:00
[2026-08-17T20:42:04.111+0000] {processor.py:208} INFO - Processing /opt/airflow/dags/weather_pipeline.py took 0.088 seconds
[2026-08-17T20:42:34.332+0000] {processor.py:186} INFO - Started process (PID=185) to work on /opt/airflow/dags/weather_pipeline.py
[2026-08-17T20:42:34.333+0000] {processor.py:914} INFO - Processing file /opt/airflow/dags/weather_pipeline.py for tasks to queue
[2026-08-17T20:42:34.335+0000] {logging_mixin.py:190} INFO - [2026-08-17T20:42:34.335+0000] {dagbag.py:588} INFO - Filling up the DagBag from /opt/airflow/dags/weather_pipeline.py
[2026-08-17T20:42:34.353+0000] {processor.py:925} INFO - DAG(s) 'weather_data_integration_phase7' retrieved from /opt/airflow/dags/weather_pipeline.py
[2026-08-17T20:42:34.375+0000] {logging_mixin.py:190} INFO - [2026-08-17T20:42:34.374+0000] {dag.py:3239} INFO - Sync 1 DAGs
[2026-08-17T20:42:34.392+0000] {logging_mixin.py:190} INFO - [2026-08-17T20:42:34.392+0000] {dag.py:4180} INFO - Setting next_dagrun for weather_data_integration_phase7 to 2026-08-17 04:00:00+00:00, run_after=2026-08-18 04:00:00+00:00
[2026-08-17T20:42:34.417+0000] {processor.py:208} INFO - Processing /opt/airflow/dags/weather_pipeline.py took 0.090 seconds
[2026-08-17T20:43:04.595+0000] {processor.py:186} INFO - Started process (PID=186) to work on /opt/airflow/dags/weather_pipeline.py
[2026-08-17T20:43:04.596+0000] {processor.py:914} INFO - Processing file /opt/airflow/dags/weather_pipeline.py for tasks to queue
[2026-08-17T20:43:04.599+0000] {logging_mixin.py:190} INFO - [2026-08-17T20:43:04.598+0000] {dagbag.py:588} INFO - Filling up the DagBag from /opt/airflow/dags/weather_pipeline.py
[2026-08-17T20:43:04.617+0000] {processor.py:925} INFO - DAG(s) 'weather_data_integration_phase7' retrieved from /opt/airflow/dags/weather_pipeline.py
[2026-08-17T20:43:04.641+0000] {logging_mixin.py:190} INFO - [2026-08-17T20:43:04.640+0000] {dag.py:3239} INFO - Sync 1 DAGs
[2026-08-17T20:43:04.659+0000] {logging_mixin.py:190} INFO - [2026-08-17T20:43:04.659+0000] {dag.py:4180} INFO - Setting next_dagrun for weather_data_integration_phase7 to 2026-08-17 04:00:00+00:00, run_after=2026-08-18 04:00:00+00:00
[2026-08-17T20:43:04.684+0000] {processor.py:208} INFO - Processing /opt/airflow/dags/weather_pipeline.py took 0.094 seconds
[2026-08-17T20:43:34.889+0000] {processor.py:186} INFO - Started process (PID=187) to work on /opt/airflow/dags/weather_pipeline.py
[2026-08-17T20:43:34.890+0000] {processor.py:914} INFO - Processing file /opt/airflow/dags/weather_pipeline.py for tasks to queue
[2026-08-17T20:43:34.893+0000] {logging_mixin.py:190} INFO - [2026-08-17T20:43:34.893+0000] {dagbag.py:588} INFO - Filling up the DagBag from /opt/airflow/dags/weather_pipeline.py
[2026-08-17T20:43:34.912+0000] {processor.py:925} INFO - DAG(s) 'weather_data_integration_phase7' retrieved from /opt/airflow/dags/weather_pipeline.py
[2026-08-17T20:43:34.934+0000] {logging_mixin.py:190} INFO - [2026-08-17T20:43:34.934+0000] {dag.py:3239} INFO - Sync 1 DAGs
[2026-08-17T20:43:34.951+0000] {logging_mixin.py:190} INFO - [2026-08-17T20:43:34.951+0000] {dag.py:4180} INFO - Setting next_dagrun for weather_data_integration_phase7 to 2026-08-17 04:00:00+00:00, run_after=2026-08-18 04:00:00+00:00
[2026-08-17T20:43:34.977+0000] {processor.py:208} INFO - Processing /opt/airflow/dags/weather_pipeline.py took 0.094 seconds
[2026-08-17T20:44:05.168+0000] {processor.py:186} INFO - Started process (PID=188) to work on /opt/airflow/dags/weather_pipeline.py
[2026-08-17T20:44:05.169+0000] {processor.py:914} INFO - Processing file /opt/airflow/dags/weather_pipeline.py for tasks to queue
[2026-08-17T20:44:05.171+0000] {logging_mixin.py:190} INFO - [2026-08-17T20:44:05.171+0000] {dagbag.py:588} INFO - Filling up the DagBag from /opt/airflow/dags/weather_pipeline.py
[2026-08-17T20:44:05.188+0000] {processor.py:925} INFO - DAG(s) 'weather_data_integration_phase7' retrieved from /opt/airflow/dags/weather_pipeline.py
[2026-08-17T20:44:05.205+0000] {logging_mixin.py:190} INFO - [2026-08-17T20:44:05.205+0000] {dag.py:3239} INFO - Sync 1 DAGs
[2026-08-17T20:44:05.221+0000] {logging_mixin.py:190} INFO - [2026-08-17T20:44:05.221+0000] {dag.py:4180} INFO - Setting next_dagrun for weather_data_integration_phase7 to 2026-08-17 04:00:00+00:00, run_after=2026-08-18 04:00:00+00:00
[2026-08-17T20:44:05.246+0000] {processor.py:208} INFO - Processing /opt/airflow/dags/weather_pipeline.py took 0.083 seconds
[2026-08-17T20:44:35.449+0000] {processor.py:186} INFO - Started process (PID=189) to work on /opt/airflow/dags/weather_pipeline.py
[2026-08-17T20:44:35.450+0000] {processor.py:914} INFO - Processing file /opt/airflow/dags/weather_pipeline.py for tasks to queue
[2026-08-17T20:44:35.453+0000] {logging_mixin.py:190} INFO - [2026-08-17T20:44:35.453+0000] {dagbag.py:588} INFO - Filling up the DagBag from /opt/airflow/dags/weather_pipeline.py
[2026-08-17T20:44:35.471+0000] {processor.py:925} INFO - DAG(s) 'weather_data_integration_phase7' retrieved from /opt/airflow/dags/weather_pipeline.py
[2026-08-17T20:44:35.489+0000] {logging_mixin.py:190} INFO - [2026-08-17T20:44:35.489+0000] {dag.py:3239} INFO - Sync 1 DAGs
[2026-08-17T20:44:35.506+0000] {logging_mixin.py:190} INFO - [2026-08-17T20:44:35.506+0000] {dag.py:4180} INFO - Setting next_dagrun for weather_data_integration_phase7 to 2026-08-17 04:00:00+00:00, run_after=2026-08-18 04:00:00+00:00
[2026-08-17T20:44:35.529+0000] {processor.py:208} INFO - Processing /opt/airflow/dags/weather_pipeline.py took 0.084 seconds
[2026-08-17T20:45:05.745+0000] {processor.py:186} INFO - Started process (PID=190) to work on /opt/airflow/dags/weather_pipeline.py
[2026-08-17T20:45:05.747+0000] {processor.py:914} INFO - Processing file /opt/airflow/dags/weather_pipeline.py for tasks to queue
[2026-08-17T20:45:05.749+0000] {logging_mixin.py:190} INFO - [2026-08-17T20:45:05.749+0000] {dagbag.py:588} INFO - Filling up the DagBag from /opt/airflow/dags/weather_pipeline.py
[2026-08-17T20:45:05.771+0000] {processor.py:925} INFO - DAG(s) 'weather_data_integration_phase7' retrieved from /opt/airflow/dags/weather_pipeline.py
[2026-08-17T20:45:05.792+0000] {logging_mixin.py:190} INFO - [2026-08-17T20:45:05.791+0000] {dag.py:3239} INFO - Sync 1 DAGs
[2026-08-17T20:45:05.810+0000] {logging_mixin.py:190} INFO - [2026-08-17T20:45:05.810+0000] {dag.py:4180} INFO - Setting next_dagrun for weather_data_integration_phase7 to 2026-08-17 04:00:00+00:00, run_after=2026-08-18 04:00:00+00:00
[2026-08-17T20:45:05.845+0000] {processor.py:208} INFO - Processing /opt/airflow/dags/weather_pipeline.py took 0.106 seconds
[2026-08-17T20:45:35.978+0000] {processor.py:186} INFO - Started process (PID=191) to work on /opt/airflow/dags/weather_pipeline.py
[2026-08-17T20:45:35.980+0000] {processor.py:914} INFO - Processing file /opt/airflow/dags/weather_pipeline.py for tasks to queue
[2026-08-17T20:45:35.982+0000] {logging_mixin.py:190} INFO - [2026-08-17T20:45:35.982+0000] {dagbag.py:588} INFO - Filling up the DagBag from /opt/airflow/dags/weather_pipeline.py
[2026-08-17T20:45:36.000+0000] {processor.py:925} INFO - DAG(s) 'weather_data_integration_phase7' retrieved from /opt/airflow/dags/weather_pipeline.py
[2026-08-17T20:45:36.017+0000] {logging_mixin.py:190} INFO - [2026-08-17T20:45:36.017+0000] {dag.py:3239} INFO - Sync 1 DAGs
[2026-08-17T20:45:36.033+0000] {logging_mixin.py:190} INFO - [2026-08-17T20:45:36.032+0000] {dag.py:4180} INFO - Setting next_dagrun for weather_data_integration_phase7 to 2026-08-17 04:00:00+00:00, run_after=2026-08-18 04:00:00+00:00
[2026-08-17T20:45:36.058+0000] {processor.py:208} INFO - Processing /opt/airflow/dags/weather_pipeline.py took 0.085 seconds
[2026-08-17T20:46:07.087+0000] {processor.py:186} INFO - Started process (PID=192) to work on /opt/airflow/dags/weather_pipeline.py
[2026-08-17T20:46:07.089+0000] {processor.py:914} INFO - Processing file /opt/airflow/dags/weather_pipeline.py for tasks to queue
[2026-08-17T20:46:07.091+0000] {logging_mixin.py:190} INFO - [2026-08-17T20:46:07.091+0000] {dagbag.py:588} INFO - Filling up the DagBag from /opt/airflow/dags/weather_pipeline.py
[2026-08-17T20:46:07.112+0000] {processor.py:925} INFO - DAG(s) 'weather_data_integration_phase7' retrieved from /opt/airflow/dags/weather_pipeline.py
[2026-08-17T20:46:07.134+0000] {logging_mixin.py:190} INFO - [2026-08-17T20:46:07.134+0000] {dag.py:3239} INFO - Sync 1 DAGs
[2026-08-17T20:46:07.154+0000] {logging_mixin.py:190} INFO - [2026-08-17T20:46:07.154+0000] {dag.py:4180} INFO - Setting next_dagrun for weather_data_integration_phase7 to 2026-08-17 04:00:00+00:00, run_after=2026-08-18 04:00:00+00:00
[2026-08-17T20:46:07.191+0000] {processor.py:208} INFO - Processing /opt/airflow/dags/weather_pipeline.py took 0.108 seconds
[2026-08-17T20:46:37.527+0000] {processor.py:186} INFO - Started process (PID=193) to work on /opt/airflow/dags/weather_pipeline.py
[2026-08-17T20:46:37.528+0000] {processor.py:914} INFO - Processing file /opt/airflow/dags/weather_pipeline.py for tasks to queue
[2026-08-17T20:46:37.530+0000] {logging_mixin.py:190} INFO - [2026-08-17T20:46:37.530+0000] {dagbag.py:588} INFO - Filling up the DagBag from /opt/airflow/dags/weather_pipeline.py
[2026-08-17T20:46:37.547+0000] {processor.py:925} INFO - DAG(s) 'weather_data_integration_phase7' retrieved from /opt/airflow/dags/weather_pipeline.py
[2026-08-17T20:46:37.564+0000] {logging_mixin.py:190} INFO - [2026-08-17T20:46:37.564+0000] {dag.py:3239} INFO - Sync 1 DAGs
[2026-08-17T20:46:37.580+0000] {logging_mixin.py:190} INFO - [2026-08-17T20:46:37.579+0000] {dag.py:4180} INFO - Setting next_dagrun for weather_data_integration_phase7 to 2026-08-17 04:00:00+00:00, run_after=2026-08-18 04:00:00+00:00
[2026-08-17T20:46:37.613+0000] {processor.py:208} INFO - Processing /opt/airflow/dags/weather_pipeline.py took 0.091 seconds
[2026-08-17T20:47:08.176+0000] {processor.py:186} INFO - Started process (PID=194) to work on /opt/airflow/dags/weather_pipeline.py
[2026-08-17T20:47:08.177+0000] {processor.py:914} INFO - Processing file /opt/airflow/dags/weather_pipeline.py for tasks to queue
[2026-08-17T20:47:08.180+0000] {logging_mixin.py:190} INFO - [2026-08-17T20:47:08.180+0000] {dagbag.py:588} INFO - Filling up the DagBag from /opt/airflow/dags/weather_pipeline.py
[2026-08-17T20:47:08.198+0000] {processor.py:925} INFO - DAG(s) 'weather_data_integration_phase7' retrieved from /opt/airflow/dags/weather_pipeline.py
[2026-08-17T20:47:08.221+0000] {logging_mixin.py:190} INFO - [2026-08-17T20:47:08.221+0000] {dag.py:3239} INFO - Sync 1 DAGs
[2026-08-17T20:47:08.240+0000] {logging_mixin.py:190} INFO - [2026-08-17T20:47:08.240+0000] {dag.py:4180} INFO - Setting next_dagrun for weather_data_integration_phase7 to 2026-08-17 04:00:00+00:00, run_after=2026-08-18 04:00:00+00:00
[2026-08-17T20:47:08.274+0000] {processor.py:208} INFO - Processing /opt/airflow/dags/weather_pipeline.py took 0.102 seconds
[2026-08-17T20:47:39.030+0000] {processor.py:186} INFO - Started process (PID=195) to work on /opt/airflow/dags/weather_pipeline.py
[2026-08-17T20:47:39.031+0000] {processor.py:914} INFO - Processing file /opt/airflow/dags/weather_pipeline.py for tasks to queue
[2026-08-17T20:47:39.034+0000] {logging_mixin.py:190} INFO - [2026-08-17T20:47:39.034+0000] {dagbag.py:588} INFO - Filling up the DagBag from /opt/airflow/dags/weather_pipeline.py
[2026-08-17T20:47:39.050+0000] {processor.py:925} INFO - DAG(s) 'weather_data_integration_phase7' retrieved from /opt/airflow/dags/weather_pipeline.py
[2026-08-17T20:47:39.067+0000] {logging_mixin.py:190} INFO - [2026-08-17T20:47:39.067+0000] {dag.py:3239} INFO - Sync 1 DAGs
[2026-08-17T20:47:39.083+0000] {logging_mixin.py:190} INFO - [2026-08-17T20:47:39.082+0000] {dag.py:4180} INFO - Setting next_dagrun for weather_data_integration_phase7 to 2026-08-17 04:00:00+00:00, run_after=2026-08-18 04:00:00+00:00
[2026-08-17T20:47:39.116+0000] {processor.py:208} INFO - Processing /opt/airflow/dags/weather_pipeline.py took 0.090 seconds
[2026-08-17T20:48:09.299+0000] {processor.py:186} INFO - Started process (PID=196) to work on /opt/airflow/dags/weather_pipeline.py
[2026-08-17T20:48:09.300+0000] {processor.py:914} INFO - Processing file /opt/airflow/dags/weather_pipeline.py for tasks to queue
[2026-08-17T20:48:09.303+0000] {logging_mixin.py:190} INFO - [2026-08-17T20:48:09.303+0000] {dagbag.py:588} INFO - Filling up the DagBag from /opt/airflow/dags/weather_pipeline.py
[2026-08-17T20:48:09.322+0000] {processor.py:925} INFO - DAG(s) 'weather_data_integration_phase7' retrieved from /opt/airflow/dags/weather_pipeline.py
[2026-08-17T20:48:09.357+0000] {logging_mixin.py:190} INFO - [2026-08-17T20:48:09.356+0000] {dag.py:3239} INFO - Sync 1 DAGs
[2026-08-17T20:48:09.378+0000] {logging_mixin.py:190} INFO - [2026-08-17T20:48:09.378+0000] {dag.py:4180} INFO - Setting next_dagrun for weather_data_integration_phase7 to 2026-08-17 04:00:00+00:00, run_after=2026-08-18 04:00:00+00:00
[2026-08-17T20:48:09.414+0000] {processor.py:208} INFO - Processing /opt/airflow/dags/weather_pipeline.py took 0.120 seconds
[2026-08-17T20:48:39.549+0000] {processor.py:186} INFO - Started process (PID=197) to work on /opt/airflow/dags/weather_pipeline.py
[2026-08-17T20:48:39.551+0000] {processor.py:914} INFO - Processing file /opt/airflow/dags/weather_pipeline.py for tasks to queue
[2026-08-17T20:48:39.553+0000] {logging_mixin.py:190} INFO - [2026-08-17T20:48:39.553+0000] {dagbag.py:588} INFO - Filling up the DagBag from /opt/airflow/dags/weather_pipeline.py
[2026-08-17T20:48:39.569+0000] {processor.py:925} INFO - DAG(s) 'weather_data_integration_phase7' retrieved from /opt/airflow/dags/weather_pipeline.py
[2026-08-17T20:48:39.592+0000] {logging_mixin.py:190} INFO - [2026-08-17T20:48:39.592+0000] {dag.py:3239} INFO - Sync 1 DAGs
[2026-08-17T20:48:39.607+0000] {logging_mixin.py:190} INFO - [2026-08-17T20:48:39.607+0000] {dag.py:4180} INFO - Setting next_dagrun for weather_data_integration_phase7 to 2026-08-17 04:00:00+00:00, run_after=2026-08-18 04:00:00+00:00
[2026-08-17T20:48:39.637+0000] {processor.py:208} INFO - Processing /opt/airflow/dags/weather_pipeline.py took 0.092 seconds
[2026-08-17T20:49:09.833+0000] {processor.py:186} INFO - Started process (PID=198) to work on /opt/airflow/dags/weather_pipeline.py
[2026-08-17T20:49:09.835+0000] {processor.py:914} INFO - Processing file /opt/airflow/dags/weather_pipeline.py for tasks to queue
[2026-08-17T20:49:09.837+0000] {logging_mixin.py:190} INFO - [2026-08-17T20:49:09.837+0000] {dagbag.py:588} INFO - Filling up the DagBag from /opt/airflow/dags/weather_pipeline.py
[2026-08-17T20:49:09.854+0000] {processor.py:925} INFO - DAG(s) 'weather_data_integration_phase7' retrieved from /opt/airflow/dags/weather_pipeline.py
[2026-08-17T20:49:09.875+0000] {logging_mixin.py:190} INFO - [2026-08-17T20:49:09.875+0000] {dag.py:3239} INFO - Sync 1 DAGs
[2026-08-17T20:49:09.891+0000] {logging_mixin.py:190} INFO - [2026-08-17T20:49:09.891+0000] {dag.py:4180} INFO - Setting next_dagrun for weather_data_integration_phase7 to 2026-08-17 04:00:00+00:00, run_after=2026-08-18 04:00:00+00:00
[2026-08-17T20:49:09.927+0000] {processor.py:208} INFO - Processing /opt/airflow/dags/weather_pipeline.py took 0.098 seconds
[2026-08-17T20:49:40.113+0000] {processor.py:186} INFO - Started process (PID=199) to work on /opt/airflow/dags/weather_pipeline.py
[2026-08-17T20:49:40.114+0000] {processor.py:914} INFO - Processing file /opt/airflow/dags/weather_pipeline.py for tasks to queue
[2026-08-17T20:49:40.117+0000] {logging_mixin.py:190} INFO - [2026-08-17T20:49:40.116+0000] {dagbag.py:588} INFO - Filling up the DagBag from /opt/airflow/dags/weather_pipeline.py
[2026-08-17T20:49:40.133+0000] {processor.py:925} INFO - DAG(s) 'weather_data_integration_phase7' retrieved from /opt/airflow/dags/weather_pipeline.py
[2026-08-17T20:49:40.155+0000] {logging_mixin.py:190} INFO - [2026-08-17T20:49:40.155+0000] {dag.py:3239} INFO - Sync 1 DAGs
[2026-08-17T20:49:40.171+0000] {logging_mixin.py:190} INFO - [2026-08-17T20:49:40.171+0000] {dag.py:4180} INFO - Setting next_dagrun for weather_data_integration_phase7 to 2026-08-17 04:00:00+00:00, run_after=2026-08-18 04:00:00+00:00
[2026-08-17T20:49:40.205+0000] {processor.py:208} INFO - Processing /opt/airflow/dags/weather_pipeline.py took 0.096 seconds
[2026-08-17T20:50:10.383+0000] {processor.py:186} INFO - Started process (PID=200) to work on /opt/airflow/dags/weather_pipeline.py
[2026-08-17T20:50:10.385+0000] {processor.py:914} INFO - Processing file /opt/airflow/dags/weather_pipeline.py for tasks to queue
[2026-08-17T20:50:10.388+0000] {logging_mixin.py:190} INFO - [2026-08-17T20:50:10.387+0000] {dagbag.py:588} INFO - Filling up the DagBag from /opt/airflow/dags/weather_pipeline.py
[2026-08-17T20:50:10.406+0000] {processor.py:925} INFO - DAG(s) 'weather_data_integration_phase7' retrieved from /opt/airflow/dags/weather_pipeline.py
[2026-08-17T20:50:10.432+0000] {logging_mixin.py:190} INFO - [2026-08-17T20:50:10.431+0000] {dag.py:3239} INFO - Sync 1 DAGs
[2026-08-17T20:50:10.450+0000] {logging_mixin.py:190} INFO - [2026-08-17T20:50:10.449+0000] {dag.py:4180} INFO - Setting next_dagrun for weather_data_integration_phase7 to 2026-08-17 04:00:00+00:00, run_after=2026-08-18 04:00:00+00:00
[2026-08-17T20:50:10.484+0000] {processor.py:208} INFO - Processing /opt/airflow/dags/weather_pipeline.py took 0.107 seconds
[2026-08-17T20:50:40.725+0000] {processor.py:186} INFO - Started process (PID=201) to work on /opt/airflow/dags/weather_pipeline.py
[2026-08-17T20:50:40.727+0000] {processor.py:914} INFO - Processing file /opt/airflow/dags/weather_pipeline.py for tasks to queue
[2026-08-17T20:50:40.730+0000] {logging_mixin.py:190} INFO - [2026-08-17T20:50:40.730+0000] {dagbag.py:588} INFO - Filling up the DagBag from /opt/airflow/dags/weather_pipeline.py
[2026-08-17T20:50:40.766+0000] {processor.py:925} INFO - DAG(s) 'weather_data_integration_phase7' retrieved from /opt/airflow/dags/weather_pipeline.py
[2026-08-17T20:50:40.791+0000] {logging_mixin.py:190} INFO - [2026-08-17T20:50:40.791+0000] {dag.py:3239} INFO - Sync 1 DAGs
[2026-08-17T20:50:40.808+0000] {logging_mixin.py:190} INFO - [2026-08-17T20:50:40.808+0000] {dag.py:4180} INFO - Setting next_dagrun for weather_data_integration_phase7 to 2026-08-17 04:00:00+00:00, run_after=2026-08-18 04:00:00+00:00
[2026-08-17T20:50:40.832+0000] {processor.py:208} INFO - Processing /opt/airflow/dags/weather_pipeline.py took 0.113 seconds
[2026-08-17T20:51:10.960+0000] {processor.py:186} INFO - Started process (PID=202) to work on /opt/airflow/dags/weather_pipeline.py
[2026-08-17T20:51:10.962+0000] {processor.py:914} INFO - Processing file /opt/airflow/dags/weather_pipeline.py for tasks to queue
[2026-08-17T20:51:10.965+0000] {logging_mixin.py:190} INFO - [2026-08-17T20:51:10.965+0000] {dagbag.py:588} INFO - Filling up the DagBag from /opt/airflow/dags/weather_pipeline.py
[2026-08-17T20:51:10.987+0000] {processor.py:925} INFO - DAG(s) 'weather_data_integration_phase7' retrieved from /opt/airflow/dags/weather_pipeline.py
[2026-08-17T20:51:11.013+0000] {logging_mixin.py:190} INFO - [2026-08-17T20:51:11.013+0000] {dag.py:3239} INFO - Sync 1 DAGs
[2026-08-17T20:51:11.029+0000] {logging_mixin.py:190} INFO - [2026-08-17T20:51:11.029+0000] {dag.py:4180} INFO - Setting next_dagrun for weather_data_integration_phase7 to 2026-08-17 04:00:00+00:00, run_after=2026-08-18 04:00:00+00:00
[2026-08-17T20:51:11.055+0000] {processor.py:208} INFO - Processing /opt/airflow/dags/weather_pipeline.py took 0.101 seconds
[2026-08-17T20:51:41.242+0000] {processor.py:186} INFO - Started process (PID=203) to work on /opt/airflow/dags/weather_pipeline.py
[2026-08-17T20:51:41.244+0000] {processor.py:914} INFO - Processing file /opt/airflow/dags/weather_pipeline.py for tasks to queue
[2026-08-17T20:51:41.248+0000] {logging_mixin.py:190} INFO - [2026-08-17T20:51:41.248+0000] {dagbag.py:588} INFO - Filling up the DagBag from /opt/airflow/dags/weather_pipeline.py
[2026-08-17T20:51:41.271+0000] {processor.py:925} INFO - DAG(s) 'weather_data_integration_phase7' retrieved from /opt/airflow/dags/weather_pipeline.py
[2026-08-17T20:51:41.300+0000] {logging_mixin.py:190} INFO - [2026-08-17T20:51:41.300+0000] {dag.py:3239} INFO - Sync 1 DAGs
[2026-08-17T20:51:41.346+0000] {processor.py:208} INFO - Processing /opt/airflow/dags/weather_pipeline.py took 0.112 seconds
[2026-08-17T20:54:22.371+0000] {processor.py:186} INFO - Started process (PID=215) to work on /opt/airflow/dags/weather_pipeline.py
[2026-08-17T20:54:22.373+0000] {processor.py:914} INFO - Processing file /opt/airflow/dags/weather_pipeline.py for tasks to queue
[2026-08-17T20:54:22.374+0000] {logging_mixin.py:190} INFO - [2026-08-17T20:54:22.374+0000] {dagbag.py:588} INFO - Filling up the DagBag from /opt/airflow/dags/weather_pipeline.py
[2026-08-17T20:54:22.391+0000] {processor.py:925} INFO - DAG(s) 'weather_data_integration_phase7' retrieved from /opt/airflow/dags/weather_pipeline.py
[2026-08-17T20:54:22.412+0000] {logging_mixin.py:190} INFO - [2026-08-17T20:54:22.412+0000] {dag.py:3239} INFO - Sync 1 DAGs
[2026-08-17T20:54:22.456+0000] {processor.py:208} INFO - Processing /opt/airflow/dags/weather_pipeline.py took 0.089 seconds
[2026-08-17T20:54:23.599+0000] {processor.py:186} INFO - Started process (PID=216) to work on /opt/airflow/dags/weather_pipeline.py
[2026-08-17T20:54:23.601+0000] {processor.py:914} INFO - Processing file /opt/airflow/dags/weather_pipeline.py for tasks to queue
[2026-08-17T20:54:23.602+0000] {logging_mixin.py:190} INFO - [2026-08-17T20:54:23.602+0000] {dagbag.py:588} INFO - Filling up the DagBag from /opt/airflow/dags/weather_pipeline.py
[2026-08-17T20:54:23.623+0000] {processor.py:925} INFO - DAG(s) 'weather_data_integration_phase7' retrieved from /opt/airflow/dags/weather_pipeline.py
[2026-08-17T20:54:23.650+0000] {logging_mixin.py:190} INFO - [2026-08-17T20:54:23.649+0000] {dag.py:1660} INFO - Executing dag callback function: <function audit_success at 0x7a3269e2df80>
[2026-08-17T20:54:23.691+0000] {logging_mixin.py:190} INFO - [2026-08-17T20:54:23.651+0000] {dag.py:1664} ERROR - failed to invoke dag state update callback
Traceback (most recent call last):
  File "/home/airflow/.local/lib/python3.11/site-packages/airflow/models/dag.py", line 1662, in execute_callback
    callback(context)
  File "/opt/airflow/dags/weather_pipeline.py", line 27, in audit_success
    write_audit_event("DAG_SUCCESS", context)
  File "/opt/airflow/plugins/pipeline_audit.py", line 19, in write_audit_event
    AUDIT_FILE.parent.mkdir(parents=True, exist_ok=True)
    ^^^^^^^^^^^^^^^^^
AttributeError: 'str' object has no attribute 'parent'
[2026-08-17T20:54:23.708+0000] {logging_mixin.py:190} INFO - [2026-08-17T20:54:23.708+0000] {dag.py:3239} INFO - Sync 1 DAGs
[2026-08-17T20:54:23.724+0000] {logging_mixin.py:190} INFO - [2026-08-17T20:54:23.724+0000] {dag.py:4180} INFO - Setting next_dagrun for weather_data_integration_phase7 to 2026-08-17 04:00:00+00:00, run_after=2026-08-18 04:00:00+00:00
[2026-08-17T20:54:23.757+0000] {processor.py:208} INFO - Processing /opt/airflow/dags/weather_pipeline.py took 0.163 seconds
[2026-08-17T20:54:54.572+0000] {processor.py:186} INFO - Started process (PID=217) to work on /opt/airflow/dags/weather_pipeline.py
[2026-08-17T20:54:54.573+0000] {processor.py:914} INFO - Processing file /opt/airflow/dags/weather_pipeline.py for tasks to queue
[2026-08-17T20:54:54.574+0000] {logging_mixin.py:190} INFO - [2026-08-17T20:54:54.574+0000] {dagbag.py:588} INFO - Filling up the DagBag from /opt/airflow/dags/weather_pipeline.py
[2026-08-17T20:54:54.591+0000] {processor.py:925} INFO - DAG(s) 'weather_data_integration_phase7' retrieved from /opt/airflow/dags/weather_pipeline.py
[2026-08-17T20:54:54.609+0000] {logging_mixin.py:190} INFO - [2026-08-17T20:54:54.609+0000] {dag.py:3239} INFO - Sync 1 DAGs
[2026-08-17T20:54:54.623+0000] {logging_mixin.py:190} INFO - [2026-08-17T20:54:54.623+0000] {dag.py:4180} INFO - Setting next_dagrun for weather_data_integration_phase7 to 2026-08-17 04:00:00+00:00, run_after=2026-08-18 04:00:00+00:00
[2026-08-17T20:54:54.650+0000] {processor.py:208} INFO - Processing /opt/airflow/dags/weather_pipeline.py took 0.083 seconds
[2026-08-17T20:55:24.834+0000] {processor.py:186} INFO - Started process (PID=218) to work on /opt/airflow/dags/weather_pipeline.py
[2026-08-17T20:55:24.835+0000] {processor.py:914} INFO - Processing file /opt/airflow/dags/weather_pipeline.py for tasks to queue
[2026-08-17T20:55:24.837+0000] {logging_mixin.py:190} INFO - [2026-08-17T20:55:24.837+0000] {dagbag.py:588} INFO - Filling up the DagBag from /opt/airflow/dags/weather_pipeline.py
[2026-08-17T20:55:24.857+0000] {processor.py:925} INFO - DAG(s) 'weather_data_integration_phase7' retrieved from /opt/airflow/dags/weather_pipeline.py
[2026-08-17T20:55:24.878+0000] {logging_mixin.py:190} INFO - [2026-08-17T20:55:24.878+0000] {dag.py:3239} INFO - Sync 1 DAGs
[2026-08-17T20:55:24.894+0000] {logging_mixin.py:190} INFO - [2026-08-17T20:55:24.894+0000] {dag.py:4180} INFO - Setting next_dagrun for weather_data_integration_phase7 to 2026-08-17 04:00:00+00:00, run_after=2026-08-18 04:00:00+00:00
[2026-08-17T20:55:24.920+0000] {processor.py:208} INFO - Processing /opt/airflow/dags/weather_pipeline.py took 0.091 seconds
[2026-08-17T20:55:55.127+0000] {processor.py:186} INFO - Started process (PID=219) to work on /opt/airflow/dags/weather_pipeline.py
[2026-08-17T20:55:55.129+0000] {processor.py:914} INFO - Processing file /opt/airflow/dags/weather_pipeline.py for tasks to queue
[2026-08-17T20:55:55.131+0000] {logging_mixin.py:190} INFO - [2026-08-17T20:55:55.130+0000] {dagbag.py:588} INFO - Filling up the DagBag from /opt/airflow/dags/weather_pipeline.py
[2026-08-17T20:55:55.150+0000] {processor.py:925} INFO - DAG(s) 'weather_data_integration_phase7' retrieved from /opt/airflow/dags/weather_pipeline.py
[2026-08-17T20:55:55.171+0000] {logging_mixin.py:190} INFO - [2026-08-17T20:55:55.170+0000] {dag.py:3239} INFO - Sync 1 DAGs
[2026-08-17T20:55:55.187+0000] {logging_mixin.py:190} INFO - [2026-08-17T20:55:55.187+0000] {dag.py:4180} INFO - Setting next_dagrun for weather_data_integration_phase7 to 2026-08-17 04:00:00+00:00, run_after=2026-08-18 04:00:00+00:00
[2026-08-17T20:55:55.378+0000] {processor.py:208} INFO - Processing /opt/airflow/dags/weather_pipeline.py took 0.256 seconds
[2026-08-17T20:56:26.419+0000] {processor.py:186} INFO - Started process (PID=220) to work on /opt/airflow/dags/weather_pipeline.py
[2026-08-17T20:56:26.420+0000] {processor.py:914} INFO - Processing file /opt/airflow/dags/weather_pipeline.py for tasks to queue
[2026-08-17T20:56:26.422+0000] {logging_mixin.py:190} INFO - [2026-08-17T20:56:26.422+0000] {dagbag.py:588} INFO - Filling up the DagBag from /opt/airflow/dags/weather_pipeline.py
[2026-08-17T20:56:26.438+0000] {processor.py:925} INFO - DAG(s) 'weather_data_integration_phase7' retrieved from /opt/airflow/dags/weather_pipeline.py
[2026-08-17T20:56:26.456+0000] {logging_mixin.py:190} INFO - [2026-08-17T20:56:26.456+0000] {dag.py:3239} INFO - Sync 1 DAGs
[2026-08-17T20:56:26.592+0000] {logging_mixin.py:190} INFO - [2026-08-17T20:56:26.592+0000] {dag.py:4180} INFO - Setting next_dagrun for weather_data_integration_phase7 to 2026-08-17 04:00:00+00:00, run_after=2026-08-18 04:00:00+00:00
[2026-08-17T20:56:26.623+0000] {processor.py:208} INFO - Processing /opt/airflow/dags/weather_pipeline.py took 0.208 seconds
[2026-08-17T20:56:57.687+0000] {processor.py:186} INFO - Started process (PID=221) to work on /opt/airflow/dags/weather_pipeline.py
[2026-08-17T20:56:57.688+0000] {processor.py:914} INFO - Processing file /opt/airflow/dags/weather_pipeline.py for tasks to queue
[2026-08-17T20:56:57.691+0000] {logging_mixin.py:190} INFO - [2026-08-17T20:56:57.690+0000] {dagbag.py:588} INFO - Filling up the DagBag from /opt/airflow/dags/weather_pipeline.py
[2026-08-17T20:56:57.712+0000] {processor.py:925} INFO - DAG(s) 'weather_data_integration_phase7' retrieved from /opt/airflow/dags/weather_pipeline.py
[2026-08-17T20:56:57.738+0000] {logging_mixin.py:190} INFO - [2026-08-17T20:56:57.738+0000] {dag.py:3239} INFO - Sync 1 DAGs
[2026-08-17T20:56:57.754+0000] {logging_mixin.py:190} INFO - [2026-08-17T20:56:57.754+0000] {dag.py:4180} INFO - Setting next_dagrun for weather_data_integration_phase7 to 2026-08-17 04:00:00+00:00, run_after=2026-08-18 04:00:00+00:00
[2026-08-17T20:56:57.779+0000] {processor.py:208} INFO - Processing /opt/airflow/dags/weather_pipeline.py took 0.099 seconds
[2026-08-17T20:57:27.954+0000] {processor.py:186} INFO - Started process (PID=222) to work on /opt/airflow/dags/weather_pipeline.py
[2026-08-17T20:57:27.956+0000] {processor.py:914} INFO - Processing file /opt/airflow/dags/weather_pipeline.py for tasks to queue
[2026-08-17T20:57:27.957+0000] {logging_mixin.py:190} INFO - [2026-08-17T20:57:27.957+0000] {dagbag.py:588} INFO - Filling up the DagBag from /opt/airflow/dags/weather_pipeline.py
[2026-08-17T20:57:27.980+0000] {processor.py:925} INFO - DAG(s) 'weather_data_integration_phase7' retrieved from /opt/airflow/dags/weather_pipeline.py
[2026-08-17T20:57:28.015+0000] {logging_mixin.py:190} INFO - [2026-08-17T20:57:28.014+0000] {dag.py:3239} INFO - Sync 1 DAGs
[2026-08-17T20:57:28.031+0000] {logging_mixin.py:190} INFO - [2026-08-17T20:57:28.030+0000] {dag.py:4180} INFO - Setting next_dagrun for weather_data_integration_phase7 to 2026-08-17 04:00:00+00:00, run_after=2026-08-18 04:00:00+00:00
[2026-08-17T20:57:28.064+0000] {processor.py:208} INFO - Processing /opt/airflow/dags/weather_pipeline.py took 0.115 seconds
[2026-08-17T20:57:58.228+0000] {processor.py:186} INFO - Started process (PID=223) to work on /opt/airflow/dags/weather_pipeline.py
[2026-08-17T20:57:58.230+0000] {processor.py:914} INFO - Processing file /opt/airflow/dags/weather_pipeline.py for tasks to queue
[2026-08-17T20:57:58.231+0000] {logging_mixin.py:190} INFO - [2026-08-17T20:57:58.231+0000] {dagbag.py:588} INFO - Filling up the DagBag from /opt/airflow/dags/weather_pipeline.py
[2026-08-17T20:57:58.252+0000] {processor.py:925} INFO - DAG(s) 'weather_data_integration_phase7' retrieved from /opt/airflow/dags/weather_pipeline.py
[2026-08-17T20:57:58.276+0000] {logging_mixin.py:190} INFO - [2026-08-17T20:57:58.275+0000] {dag.py:3239} INFO - Sync 1 DAGs
[2026-08-17T20:57:58.293+0000] {logging_mixin.py:190} INFO - [2026-08-17T20:57:58.293+0000] {dag.py:4180} INFO - Setting next_dagrun for weather_data_integration_phase7 to 2026-08-17 04:00:00+00:00, run_after=2026-08-18 04:00:00+00:00
[2026-08-17T20:57:58.317+0000] {processor.py:208} INFO - Processing /opt/airflow/dags/weather_pipeline.py took 0.095 seconds
[2026-08-17T20:58:28.574+0000] {processor.py:186} INFO - Started process (PID=224) to work on /opt/airflow/dags/weather_pipeline.py
[2026-08-17T20:58:28.576+0000] {processor.py:914} INFO - Processing file /opt/airflow/dags/weather_pipeline.py for tasks to queue
[2026-08-17T20:58:28.578+0000] {logging_mixin.py:190} INFO - [2026-08-17T20:58:28.577+0000] {dagbag.py:588} INFO - Filling up the DagBag from /opt/airflow/dags/weather_pipeline.py
[2026-08-17T20:58:28.598+0000] {processor.py:925} INFO - DAG(s) 'weather_data_integration_phase7' retrieved from /opt/airflow/dags/weather_pipeline.py
[2026-08-17T20:58:28.620+0000] {logging_mixin.py:190} INFO - [2026-08-17T20:58:28.620+0000] {dag.py:3239} INFO - Sync 1 DAGs
[2026-08-17T20:58:28.638+0000] {logging_mixin.py:190} INFO - [2026-08-17T20:58:28.638+0000] {dag.py:4180} INFO - Setting next_dagrun for weather_data_integration_phase7 to 2026-08-17 04:00:00+00:00, run_after=2026-08-18 04:00:00+00:00
[2026-08-17T20:58:28.663+0000] {processor.py:208} INFO - Processing /opt/airflow/dags/weather_pipeline.py took 0.094 seconds
[2026-08-17T20:58:58.872+0000] {processor.py:186} INFO - Started process (PID=225) to work on /opt/airflow/dags/weather_pipeline.py
[2026-08-17T20:58:58.873+0000] {processor.py:914} INFO - Processing file /opt/airflow/dags/weather_pipeline.py for tasks to queue
[2026-08-17T20:58:58.875+0000] {logging_mixin.py:190} INFO - [2026-08-17T20:58:58.875+0000] {dagbag.py:588} INFO - Filling up the DagBag from /opt/airflow/dags/weather_pipeline.py
[2026-08-17T20:58:58.894+0000] {processor.py:925} INFO - DAG(s) 'weather_data_integration_phase7' retrieved from /opt/airflow/dags/weather_pipeline.py
[2026-08-17T20:58:58.920+0000] {logging_mixin.py:190} INFO - [2026-08-17T20:58:58.920+0000] {dag.py:3239} INFO - Sync 1 DAGs
[2026-08-17T20:58:58.944+0000] {logging_mixin.py:190} INFO - [2026-08-17T20:58:58.944+0000] {dag.py:4180} INFO - Setting next_dagrun for weather_data_integration_phase7 to 2026-08-17 04:00:00+00:00, run_after=2026-08-18 04:00:00+00:00
[2026-08-17T20:58:58.975+0000] {processor.py:208} INFO - Processing /opt/airflow/dags/weather_pipeline.py took 0.109 seconds
[2026-08-17T20:59:29.131+0000] {processor.py:186} INFO - Started process (PID=226) to work on /opt/airflow/dags/weather_pipeline.py
[2026-08-17T20:59:29.132+0000] {processor.py:914} INFO - Processing file /opt/airflow/dags/weather_pipeline.py for tasks to queue
[2026-08-17T20:59:29.134+0000] {logging_mixin.py:190} INFO - [2026-08-17T20:59:29.133+0000] {dagbag.py:588} INFO - Filling up the DagBag from /opt/airflow/dags/weather_pipeline.py
[2026-08-17T20:59:29.152+0000] {processor.py:925} INFO - DAG(s) 'weather_data_integration_phase7' retrieved from /opt/airflow/dags/weather_pipeline.py
[2026-08-17T20:59:29.172+0000] {logging_mixin.py:190} INFO - [2026-08-17T20:59:29.172+0000] {dag.py:3239} INFO - Sync 1 DAGs
[2026-08-17T20:59:29.190+0000] {logging_mixin.py:190} INFO - [2026-08-17T20:59:29.190+0000] {dag.py:4180} INFO - Setting next_dagrun for weather_data_integration_phase7 to 2026-08-17 04:00:00+00:00, run_after=2026-08-18 04:00:00+00:00
[2026-08-17T20:59:29.215+0000] {processor.py:208} INFO - Processing /opt/airflow/dags/weather_pipeline.py took 0.089 seconds
[2026-08-17T20:59:59.410+0000] {processor.py:186} INFO - Started process (PID=227) to work on /opt/airflow/dags/weather_pipeline.py
[2026-08-17T20:59:59.411+0000] {processor.py:914} INFO - Processing file /opt/airflow/dags/weather_pipeline.py for tasks to queue
[2026-08-17T20:59:59.413+0000] {logging_mixin.py:190} INFO - [2026-08-17T20:59:59.412+0000] {dagbag.py:588} INFO - Filling up the DagBag from /opt/airflow/dags/weather_pipeline.py
[2026-08-17T20:59:59.431+0000] {processor.py:925} INFO - DAG(s) 'weather_data_integration_phase7' retrieved from /opt/airflow/dags/weather_pipeline.py
[2026-08-17T20:59:59.450+0000] {logging_mixin.py:190} INFO - [2026-08-17T20:59:59.450+0000] {dag.py:3239} INFO - Sync 1 DAGs
[2026-08-17T20:59:59.466+0000] {logging_mixin.py:190} INFO - [2026-08-17T20:59:59.466+0000] {dag.py:4180} INFO - Setting next_dagrun for weather_data_integration_phase7 to 2026-08-17 04:00:00+00:00, run_after=2026-08-18 04:00:00+00:00
[2026-08-17T20:59:59.495+0000] {processor.py:208} INFO - Processing /opt/airflow/dags/weather_pipeline.py took 0.091 seconds
[2026-08-17T21:00:29.714+0000] {processor.py:186} INFO - Started process (PID=228) to work on /opt/airflow/dags/weather_pipeline.py
[2026-08-17T21:00:29.716+0000] {processor.py:914} INFO - Processing file /opt/airflow/dags/weather_pipeline.py for tasks to queue
[2026-08-17T21:00:29.720+0000] {logging_mixin.py:190} INFO - [2026-08-17T21:00:29.720+0000] {dagbag.py:588} INFO - Filling up the DagBag from /opt/airflow/dags/weather_pipeline.py
[2026-08-17T21:00:29.745+0000] {processor.py:925} INFO - DAG(s) 'weather_data_integration_phase7' retrieved from /opt/airflow/dags/weather_pipeline.py
[2026-08-17T21:00:29.770+0000] {logging_mixin.py:190} INFO - [2026-08-17T21:00:29.770+0000] {dag.py:3239} INFO - Sync 1 DAGs
[2026-08-17T21:00:29.973+0000] {logging_mixin.py:190} INFO - [2026-08-17T21:00:29.973+0000] {dag.py:4180} INFO - Setting next_dagrun for weather_data_integration_phase7 to 2026-08-17 04:00:00+00:00, run_after=2026-08-18 04:00:00+00:00
[2026-08-17T21:00:29.997+0000] {processor.py:208} INFO - Processing /opt/airflow/dags/weather_pipeline.py took 0.287 seconds
[2026-08-17T21:01:00.894+0000] {processor.py:186} INFO - Started process (PID=229) to work on /opt/airflow/dags/weather_pipeline.py
[2026-08-17T21:01:00.896+0000] {processor.py:914} INFO - Processing file /opt/airflow/dags/weather_pipeline.py for tasks to queue
[2026-08-17T21:01:00.898+0000] {logging_mixin.py:190} INFO - [2026-08-17T21:01:00.897+0000] {dagbag.py:588} INFO - Filling up the DagBag from /opt/airflow/dags/weather_pipeline.py
[2026-08-17T21:01:00.915+0000] {processor.py:925} INFO - DAG(s) 'weather_data_integration_phase7' retrieved from /opt/airflow/dags/weather_pipeline.py
[2026-08-17T21:01:00.935+0000] {logging_mixin.py:190} INFO - [2026-08-17T21:01:00.935+0000] {dag.py:3239} INFO - Sync 1 DAGs
[2026-08-17T21:01:00.952+0000] {logging_mixin.py:190} INFO - [2026-08-17T21:01:00.952+0000] {dag.py:4180} INFO - Setting next_dagrun for weather_data_integration_phase7 to 2026-08-17 04:00:00+00:00, run_after=2026-08-18 04:00:00+00:00
[2026-08-17T21:01:00.977+0000] {processor.py:208} INFO - Processing /opt/airflow/dags/weather_pipeline.py took 0.089 seconds
[2026-08-17T21:01:31.384+0000] {processor.py:186} INFO - Started process (PID=230) to work on /opt/airflow/dags/weather_pipeline.py
[2026-08-17T21:01:31.386+0000] {processor.py:914} INFO - Processing file /opt/airflow/dags/weather_pipeline.py for tasks to queue
[2026-08-17T21:01:31.388+0000] {logging_mixin.py:190} INFO - [2026-08-17T21:01:31.387+0000] {dagbag.py:588} INFO - Filling up the DagBag from /opt/airflow/dags/weather_pipeline.py
[2026-08-17T21:01:31.407+0000] {processor.py:925} INFO - DAG(s) 'weather_data_integration_phase7' retrieved from /opt/airflow/dags/weather_pipeline.py
[2026-08-17T21:01:31.430+0000] {logging_mixin.py:190} INFO - [2026-08-17T21:01:31.430+0000] {dag.py:3239} INFO - Sync 1 DAGs
[2026-08-17T21:01:31.449+0000] {logging_mixin.py:190} INFO - [2026-08-17T21:01:31.448+0000] {dag.py:4180} INFO - Setting next_dagrun for weather_data_integration_phase7 to 2026-08-17 04:00:00+00:00, run_after=2026-08-18 04:00:00+00:00
[2026-08-17T21:01:31.476+0000] {processor.py:208} INFO - Processing /opt/airflow/dags/weather_pipeline.py took 0.096 seconds
[2026-08-17T21:02:01.853+0000] {processor.py:186} INFO - Started process (PID=231) to work on /opt/airflow/dags/weather_pipeline.py
[2026-08-17T21:02:01.854+0000] {processor.py:914} INFO - Processing file /opt/airflow/dags/weather_pipeline.py for tasks to queue
[2026-08-17T21:02:01.857+0000] {logging_mixin.py:190} INFO - [2026-08-17T21:02:01.856+0000] {dagbag.py:588} INFO - Filling up the DagBag from /opt/airflow/dags/weather_pipeline.py
[2026-08-17T21:02:01.874+0000] {processor.py:925} INFO - DAG(s) 'weather_data_integration_phase7' retrieved from /opt/airflow/dags/weather_pipeline.py
[2026-08-17T21:02:01.895+0000] {logging_mixin.py:190} INFO - [2026-08-17T21:02:01.895+0000] {dag.py:3239} INFO - Sync 1 DAGs
[2026-08-17T21:02:01.911+0000] {logging_mixin.py:190} INFO - [2026-08-17T21:02:01.911+0000] {dag.py:4180} INFO - Setting next_dagrun for weather_data_integration_phase7 to 2026-08-17 04:00:00+00:00, run_after=2026-08-18 04:00:00+00:00
[2026-08-17T21:02:01.936+0000] {processor.py:208} INFO - Processing /opt/airflow/dags/weather_pipeline.py took 0.087 seconds
[2026-08-17T21:02:32.331+0000] {processor.py:186} INFO - Started process (PID=232) to work on /opt/airflow/dags/weather_pipeline.py
[2026-08-17T21:02:32.332+0000] {processor.py:914} INFO - Processing file /opt/airflow/dags/weather_pipeline.py for tasks to queue
[2026-08-17T21:02:32.334+0000] {logging_mixin.py:190} INFO - [2026-08-17T21:02:32.334+0000] {dagbag.py:588} INFO - Filling up the DagBag from /opt/airflow/dags/weather_pipeline.py
[2026-08-17T21:02:32.354+0000] {processor.py:925} INFO - DAG(s) 'weather_data_integration_phase7' retrieved from /opt/airflow/dags/weather_pipeline.py
[2026-08-17T21:02:32.377+0000] {logging_mixin.py:190} INFO - [2026-08-17T21:02:32.376+0000] {dag.py:3239} INFO - Sync 1 DAGs
[2026-08-17T21:02:32.394+0000] {logging_mixin.py:190} INFO - [2026-08-17T21:02:32.394+0000] {dag.py:4180} INFO - Setting next_dagrun for weather_data_integration_phase7 to 2026-08-17 04:00:00+00:00, run_after=2026-08-18 04:00:00+00:00
[2026-08-17T21:02:32.420+0000] {processor.py:208} INFO - Processing /opt/airflow/dags/weather_pipeline.py took 0.095 seconds
[2026-08-17T21:03:02.841+0000] {processor.py:186} INFO - Started process (PID=233) to work on /opt/airflow/dags/weather_pipeline.py
[2026-08-17T21:03:02.842+0000] {processor.py:914} INFO - Processing file /opt/airflow/dags/weather_pipeline.py for tasks to queue
[2026-08-17T21:03:02.844+0000] {logging_mixin.py:190} INFO - [2026-08-17T21:03:02.844+0000] {dagbag.py:588} INFO - Filling up the DagBag from /opt/airflow/dags/weather_pipeline.py
[2026-08-17T21:03:02.864+0000] {processor.py:925} INFO - DAG(s) 'weather_data_integration_phase7' retrieved from /opt/airflow/dags/weather_pipeline.py
[2026-08-17T21:03:02.885+0000] {logging_mixin.py:190} INFO - [2026-08-17T21:03:02.884+0000] {dag.py:3239} INFO - Sync 1 DAGs
[2026-08-17T21:03:02.901+0000] {logging_mixin.py:190} INFO - [2026-08-17T21:03:02.901+0000] {dag.py:4180} INFO - Setting next_dagrun for weather_data_integration_phase7 to 2026-08-17 04:00:00+00:00, run_after=2026-08-18 04:00:00+00:00
[2026-08-17T21:03:02.925+0000] {processor.py:208} INFO - Processing /opt/airflow/dags/weather_pipeline.py took 0.090 seconds
[2026-08-17T21:03:33.311+0000] {processor.py:186} INFO - Started process (PID=234) to work on /opt/airflow/dags/weather_pipeline.py
[2026-08-17T21:03:33.313+0000] {processor.py:914} INFO - Processing file /opt/airflow/dags/weather_pipeline.py for tasks to queue
[2026-08-17T21:03:33.315+0000] {logging_mixin.py:190} INFO - [2026-08-17T21:03:33.314+0000] {dagbag.py:588} INFO - Filling up the DagBag from /opt/airflow/dags/weather_pipeline.py
[2026-08-17T21:03:33.333+0000] {processor.py:925} INFO - DAG(s) 'weather_data_integration_phase7' retrieved from /opt/airflow/dags/weather_pipeline.py
[2026-08-17T21:03:33.354+0000] {logging_mixin.py:190} INFO - [2026-08-17T21:03:33.354+0000] {dag.py:3239} INFO - Sync 1 DAGs
[2026-08-17T21:03:33.370+0000] {logging_mixin.py:190} INFO - [2026-08-17T21:03:33.369+0000] {dag.py:4180} INFO - Setting next_dagrun for weather_data_integration_phase7 to 2026-08-17 04:00:00+00:00, run_after=2026-08-18 04:00:00+00:00
[2026-08-17T21:03:33.404+0000] {processor.py:208} INFO - Processing /opt/airflow/dags/weather_pipeline.py took 0.098 seconds
[2026-08-17T21:04:03.831+0000] {processor.py:186} INFO - Started process (PID=235) to work on /opt/airflow/dags/weather_pipeline.py
[2026-08-17T21:04:03.832+0000] {processor.py:914} INFO - Processing file /opt/airflow/dags/weather_pipeline.py for tasks to queue
[2026-08-17T21:04:03.834+0000] {logging_mixin.py:190} INFO - [2026-08-17T21:04:03.834+0000] {dagbag.py:588} INFO - Filling up the DagBag from /opt/airflow/dags/weather_pipeline.py
[2026-08-17T21:04:03.854+0000] {processor.py:925} INFO - DAG(s) 'weather_data_integration_phase7' retrieved from /opt/airflow/dags/weather_pipeline.py
[2026-08-17T21:04:03.879+0000] {logging_mixin.py:190} INFO - [2026-08-17T21:04:03.879+0000] {dag.py:3239} INFO - Sync 1 DAGs
[2026-08-17T21:04:03.896+0000] {logging_mixin.py:190} INFO - [2026-08-17T21:04:03.896+0000] {dag.py:4180} INFO - Setting next_dagrun for weather_data_integration_phase7 to 2026-08-17 04:00:00+00:00, run_after=2026-08-18 04:00:00+00:00
[2026-08-17T21:04:03.921+0000] {processor.py:208} INFO - Processing /opt/airflow/dags/weather_pipeline.py took 0.095 seconds
[2026-08-17T21:04:34.152+0000] {processor.py:186} INFO - Started process (PID=237) to work on /opt/airflow/dags/weather_pipeline.py
[2026-08-17T21:04:34.154+0000] {processor.py:914} INFO - Processing file /opt/airflow/dags/weather_pipeline.py for tasks to queue
[2026-08-17T21:04:34.155+0000] {logging_mixin.py:190} INFO - [2026-08-17T21:04:34.155+0000] {dagbag.py:588} INFO - Filling up the DagBag from /opt/airflow/dags/weather_pipeline.py
[2026-08-17T21:04:34.173+0000] {processor.py:925} INFO - DAG(s) 'weather_data_integration_phase7' retrieved from /opt/airflow/dags/weather_pipeline.py
[2026-08-17T21:04:34.197+0000] {logging_mixin.py:190} INFO - [2026-08-17T21:04:34.197+0000] {dag.py:3239} INFO - Sync 1 DAGs
[2026-08-17T21:04:34.419+0000] {logging_mixin.py:190} INFO - [2026-08-17T21:04:34.419+0000] {dag.py:4180} INFO - Setting next_dagrun for weather_data_integration_phase7 to 2026-08-17 04:00:00+00:00, run_after=2026-08-18 04:00:00+00:00
[2026-08-17T21:04:34.442+0000] {processor.py:208} INFO - Processing /opt/airflow/dags/weather_pipeline.py took 0.295 seconds
[2026-08-17T21:05:04.695+0000] {processor.py:186} INFO - Started process (PID=239) to work on /opt/airflow/dags/weather_pipeline.py
[2026-08-17T21:05:04.697+0000] {processor.py:914} INFO - Processing file /opt/airflow/dags/weather_pipeline.py for tasks to queue
[2026-08-17T21:05:04.699+0000] {logging_mixin.py:190} INFO - [2026-08-17T21:05:04.698+0000] {dagbag.py:588} INFO - Filling up the DagBag from /opt/airflow/dags/weather_pipeline.py
[2026-08-17T21:05:04.718+0000] {processor.py:925} INFO - DAG(s) 'weather_data_integration_phase7' retrieved from /opt/airflow/dags/weather_pipeline.py
[2026-08-17T21:05:04.741+0000] {logging_mixin.py:190} INFO - [2026-08-17T21:05:04.740+0000] {dag.py:3239} INFO - Sync 1 DAGs
[2026-08-17T21:05:04.959+0000] {logging_mixin.py:190} INFO - [2026-08-17T21:05:04.959+0000] {dag.py:4180} INFO - Setting next_dagrun for weather_data_integration_phase7 to 2026-08-17 04:00:00+00:00, run_after=2026-08-18 04:00:00+00:00
[2026-08-17T21:05:04.997+0000] {processor.py:208} INFO - Processing /opt/airflow/dags/weather_pipeline.py took 0.307 seconds
[2026-08-17T21:05:35.217+0000] {processor.py:186} INFO - Started process (PID=241) to work on /opt/airflow/dags/weather_pipeline.py
[2026-08-17T21:05:35.219+0000] {processor.py:914} INFO - Processing file /opt/airflow/dags/weather_pipeline.py for tasks to queue
[2026-08-17T21:05:35.221+0000] {logging_mixin.py:190} INFO - [2026-08-17T21:05:35.220+0000] {dagbag.py:588} INFO - Filling up the DagBag from /opt/airflow/dags/weather_pipeline.py
[2026-08-17T21:05:35.238+0000] {processor.py:925} INFO - DAG(s) 'weather_data_integration_phase7' retrieved from /opt/airflow/dags/weather_pipeline.py
[2026-08-17T21:05:35.256+0000] {logging_mixin.py:190} INFO - [2026-08-17T21:05:35.256+0000] {dag.py:3239} INFO - Sync 1 DAGs
[2026-08-17T21:05:35.273+0000] {logging_mixin.py:190} INFO - [2026-08-17T21:05:35.273+0000] {dag.py:4180} INFO - Setting next_dagrun for weather_data_integration_phase7 to 2026-08-17 04:00:00+00:00, run_after=2026-08-18 04:00:00+00:00
[2026-08-17T21:05:35.305+0000] {processor.py:208} INFO - Processing /opt/airflow/dags/weather_pipeline.py took 0.093 seconds
[2026-08-17T21:06:05.543+0000] {processor.py:186} INFO - Started process (PID=243) to work on /opt/airflow/dags/weather_pipeline.py
[2026-08-17T21:06:05.544+0000] {processor.py:914} INFO - Processing file /opt/airflow/dags/weather_pipeline.py for tasks to queue
[2026-08-17T21:06:05.546+0000] {logging_mixin.py:190} INFO - [2026-08-17T21:06:05.545+0000] {dagbag.py:588} INFO - Filling up the DagBag from /opt/airflow/dags/weather_pipeline.py
[2026-08-17T21:06:05.562+0000] {processor.py:925} INFO - DAG(s) 'weather_data_integration_phase7' retrieved from /opt/airflow/dags/weather_pipeline.py
[2026-08-17T21:06:05.584+0000] {logging_mixin.py:190} INFO - [2026-08-17T21:06:05.584+0000] {dag.py:3239} INFO - Sync 1 DAGs
[2026-08-17T21:06:05.601+0000] {logging_mixin.py:190} INFO - [2026-08-17T21:06:05.601+0000] {dag.py:4180} INFO - Setting next_dagrun for weather_data_integration_phase7 to 2026-08-17 04:00:00+00:00, run_after=2026-08-18 04:00:00+00:00
[2026-08-17T21:06:05.627+0000] {processor.py:208} INFO - Processing /opt/airflow/dags/weather_pipeline.py took 0.089 seconds
[2026-08-17T21:06:35.773+0000] {processor.py:186} INFO - Started process (PID=245) to work on /opt/airflow/dags/weather_pipeline.py
[2026-08-17T21:06:35.774+0000] {processor.py:914} INFO - Processing file /opt/airflow/dags/weather_pipeline.py for tasks to queue
[2026-08-17T21:06:35.776+0000] {logging_mixin.py:190} INFO - [2026-08-17T21:06:35.776+0000] {dagbag.py:588} INFO - Filling up the DagBag from /opt/airflow/dags/weather_pipeline.py
[2026-08-17T21:06:35.798+0000] {processor.py:925} INFO - DAG(s) 'weather_data_integration_phase7' retrieved from /opt/airflow/dags/weather_pipeline.py
[2026-08-17T21:06:35.818+0000] {logging_mixin.py:190} INFO - [2026-08-17T21:06:35.818+0000] {dag.py:3239} INFO - Sync 1 DAGs
[2026-08-17T21:06:35.833+0000] {logging_mixin.py:190} INFO - [2026-08-17T21:06:35.833+0000] {dag.py:4180} INFO - Setting next_dagrun for weather_data_integration_phase7 to 2026-08-17 04:00:00+00:00, run_after=2026-08-18 04:00:00+00:00
[2026-08-17T21:06:35.858+0000] {processor.py:208} INFO - Processing /opt/airflow/dags/weather_pipeline.py took 0.090 seconds
[2026-08-17T21:07:06.085+0000] {processor.py:186} INFO - Started process (PID=247) to work on /opt/airflow/dags/weather_pipeline.py
[2026-08-17T21:07:06.087+0000] {processor.py:914} INFO - Processing file /opt/airflow/dags/weather_pipeline.py for tasks to queue
[2026-08-17T21:07:06.088+0000] {logging_mixin.py:190} INFO - [2026-08-17T21:07:06.088+0000] {dagbag.py:588} INFO - Filling up the DagBag from /opt/airflow/dags/weather_pipeline.py
[2026-08-17T21:07:06.105+0000] {processor.py:925} INFO - DAG(s) 'weather_data_integration_phase7' retrieved from /opt/airflow/dags/weather_pipeline.py
[2026-08-17T21:07:06.124+0000] {logging_mixin.py:190} INFO - [2026-08-17T21:07:06.124+0000] {dag.py:3239} INFO - Sync 1 DAGs
[2026-08-17T21:07:06.139+0000] {logging_mixin.py:190} INFO - [2026-08-17T21:07:06.139+0000] {dag.py:4180} INFO - Setting next_dagrun for weather_data_integration_phase7 to 2026-08-17 04:00:00+00:00, run_after=2026-08-18 04:00:00+00:00
[2026-08-17T21:07:06.173+0000] {processor.py:208} INFO - Processing /opt/airflow/dags/weather_pipeline.py took 0.092 seconds
[2026-08-17T21:07:36.408+0000] {processor.py:186} INFO - Started process (PID=249) to work on /opt/airflow/dags/weather_pipeline.py
[2026-08-17T21:07:36.409+0000] {processor.py:914} INFO - Processing file /opt/airflow/dags/weather_pipeline.py for tasks to queue
[2026-08-17T21:07:36.411+0000] {logging_mixin.py:190} INFO - [2026-08-17T21:07:36.410+0000] {dagbag.py:588} INFO - Filling up the DagBag from /opt/airflow/dags/weather_pipeline.py
[2026-08-17T21:07:36.425+0000] {processor.py:925} INFO - DAG(s) 'weather_data_integration_phase7' retrieved from /opt/airflow/dags/weather_pipeline.py
[2026-08-17T21:07:36.444+0000] {logging_mixin.py:190} INFO - [2026-08-17T21:07:36.444+0000] {dag.py:3239} INFO - Sync 1 DAGs
[2026-08-17T21:07:36.458+0000] {logging_mixin.py:190} INFO - [2026-08-17T21:07:36.458+0000] {dag.py:4180} INFO - Setting next_dagrun for weather_data_integration_phase7 to 2026-08-17 04:00:00+00:00, run_after=2026-08-18 04:00:00+00:00
[2026-08-17T21:07:36.493+0000] {processor.py:208} INFO - Processing /opt/airflow/dags/weather_pipeline.py took 0.089 seconds
[2026-08-17T21:08:06.616+0000] {processor.py:186} INFO - Started process (PID=251) to work on /opt/airflow/dags/weather_pipeline.py
[2026-08-17T21:08:06.617+0000] {processor.py:914} INFO - Processing file /opt/airflow/dags/weather_pipeline.py for tasks to queue
[2026-08-17T21:08:06.619+0000] {logging_mixin.py:190} INFO - [2026-08-17T21:08:06.619+0000] {dagbag.py:588} INFO - Filling up the DagBag from /opt/airflow/dags/weather_pipeline.py
[2026-08-17T21:08:06.637+0000] {processor.py:925} INFO - DAG(s) 'weather_data_integration_phase7' retrieved from /opt/airflow/dags/weather_pipeline.py
[2026-08-17T21:08:06.654+0000] {logging_mixin.py:190} INFO - [2026-08-17T21:08:06.654+0000] {dag.py:3239} INFO - Sync 1 DAGs
[2026-08-17T21:08:06.668+0000] {logging_mixin.py:190} INFO - [2026-08-17T21:08:06.667+0000] {dag.py:4180} INFO - Setting next_dagrun for weather_data_integration_phase7 to 2026-08-17 04:00:00+00:00, run_after=2026-08-18 04:00:00+00:00
[2026-08-17T21:08:06.701+0000] {processor.py:208} INFO - Processing /opt/airflow/dags/weather_pipeline.py took 0.090 seconds
[2026-08-17T21:08:36.825+0000] {processor.py:186} INFO - Started process (PID=253) to work on /opt/airflow/dags/weather_pipeline.py
[2026-08-17T21:08:36.827+0000] {processor.py:914} INFO - Processing file /opt/airflow/dags/weather_pipeline.py for tasks to queue
[2026-08-17T21:08:36.829+0000] {logging_mixin.py:190} INFO - [2026-08-17T21:08:36.828+0000] {dagbag.py:588} INFO - Filling up the DagBag from /opt/airflow/dags/weather_pipeline.py
[2026-08-17T21:08:36.851+0000] {processor.py:925} INFO - DAG(s) 'weather_data_integration_phase7' retrieved from /opt/airflow/dags/weather_pipeline.py
[2026-08-17T21:08:36.873+0000] {logging_mixin.py:190} INFO - [2026-08-17T21:08:36.873+0000] {dag.py:3239} INFO - Sync 1 DAGs
[2026-08-17T21:08:36.891+0000] {logging_mixin.py:190} INFO - [2026-08-17T21:08:36.891+0000] {dag.py:4180} INFO - Setting next_dagrun for weather_data_integration_phase7 to 2026-08-17 04:00:00+00:00, run_after=2026-08-18 04:00:00+00:00
[2026-08-17T21:08:37.055+0000] {processor.py:208} INFO - Processing /opt/airflow/dags/weather_pipeline.py took 0.235 seconds
[2026-08-17T21:09:07.247+0000] {processor.py:186} INFO - Started process (PID=255) to work on /opt/airflow/dags/weather_pipeline.py
[2026-08-17T21:09:07.248+0000] {processor.py:914} INFO - Processing file /opt/airflow/dags/weather_pipeline.py for tasks to queue
[2026-08-17T21:09:07.250+0000] {logging_mixin.py:190} INFO - [2026-08-17T21:09:07.249+0000] {dagbag.py:588} INFO - Filling up the DagBag from /opt/airflow/dags/weather_pipeline.py
[2026-08-17T21:09:07.265+0000] {processor.py:925} INFO - DAG(s) 'weather_data_integration_phase7' retrieved from /opt/airflow/dags/weather_pipeline.py
[2026-08-17T21:09:07.283+0000] {logging_mixin.py:190} INFO - [2026-08-17T21:09:07.283+0000] {dag.py:3239} INFO - Sync 1 DAGs
[2026-08-17T21:09:07.495+0000] {logging_mixin.py:190} INFO - [2026-08-17T21:09:07.495+0000] {dag.py:4180} INFO - Setting next_dagrun for weather_data_integration_phase7 to 2026-08-17 04:00:00+00:00, run_after=2026-08-18 04:00:00+00:00
[2026-08-17T21:09:07.531+0000] {processor.py:208} INFO - Processing /opt/airflow/dags/weather_pipeline.py took 0.289 seconds
[2026-08-17T21:09:37.786+0000] {processor.py:186} INFO - Started process (PID=257) to work on /opt/airflow/dags/weather_pipeline.py
[2026-08-17T21:09:37.788+0000] {processor.py:914} INFO - Processing file /opt/airflow/dags/weather_pipeline.py for tasks to queue
[2026-08-17T21:09:37.789+0000] {logging_mixin.py:190} INFO - [2026-08-17T21:09:37.789+0000] {dagbag.py:588} INFO - Filling up the DagBag from /opt/airflow/dags/weather_pipeline.py
[2026-08-17T21:09:37.806+0000] {processor.py:925} INFO - DAG(s) 'weather_data_integration_phase7' retrieved from /opt/airflow/dags/weather_pipeline.py
[2026-08-17T21:09:37.831+0000] {logging_mixin.py:190} INFO - [2026-08-17T21:09:37.831+0000] {dag.py:3239} INFO - Sync 1 DAGs
[2026-08-17T21:09:37.846+0000] {logging_mixin.py:190} INFO - [2026-08-17T21:09:37.846+0000] {dag.py:4180} INFO - Setting next_dagrun for weather_data_integration_phase7 to 2026-08-17 04:00:00+00:00, run_after=2026-08-18 04:00:00+00:00
[2026-08-17T21:09:37.869+0000] {processor.py:208} INFO - Processing /opt/airflow/dags/weather_pipeline.py took 0.100 seconds
[2026-08-17T21:12:43.891+0000] {processor.py:186} INFO - Started process (PID=270) to work on /opt/airflow/dags/weather_pipeline.py
[2026-08-17T21:12:43.893+0000] {processor.py:914} INFO - Processing file /opt/airflow/dags/weather_pipeline.py for tasks to queue
[2026-08-17T21:12:43.895+0000] {logging_mixin.py:190} INFO - [2026-08-17T21:12:43.894+0000] {dagbag.py:588} INFO - Filling up the DagBag from /opt/airflow/dags/weather_pipeline.py
[2026-08-17T21:12:43.915+0000] {processor.py:925} INFO - DAG(s) 'weather_data_integration_phase7' retrieved from /opt/airflow/dags/weather_pipeline.py
[2026-08-17T21:12:43.938+0000] {logging_mixin.py:190} INFO - [2026-08-17T21:12:43.938+0000] {dag.py:3239} INFO - Sync 1 DAGs
[2026-08-17T21:12:43.974+0000] {processor.py:208} INFO - Processing /opt/airflow/dags/weather_pipeline.py took 0.089 seconds
[2026-08-17T21:12:44.131+0000] {processor.py:186} INFO - Started process (PID=271) to work on /opt/airflow/dags/weather_pipeline.py
[2026-08-17T21:12:44.133+0000] {processor.py:914} INFO - Processing file /opt/airflow/dags/weather_pipeline.py for tasks to queue
[2026-08-17T21:12:44.134+0000] {logging_mixin.py:190} INFO - [2026-08-17T21:12:44.134+0000] {dagbag.py:588} INFO - Filling up the DagBag from /opt/airflow/dags/weather_pipeline.py
[2026-08-17T21:12:44.150+0000] {processor.py:925} INFO - DAG(s) 'weather_data_integration_phase7' retrieved from /opt/airflow/dags/weather_pipeline.py
[2026-08-17T21:12:44.171+0000] {logging_mixin.py:190} INFO - [2026-08-17T21:12:44.171+0000] {dag.py:1660} INFO - Executing dag callback function: <function audit_success at 0x7a3269ff9b20>
[2026-08-17T21:12:44.186+0000] {logging_mixin.py:190} INFO - [2026-08-17T21:12:44.173+0000] {dag.py:1664} ERROR - failed to invoke dag state update callback
Traceback (most recent call last):
  File "/home/airflow/.local/lib/python3.11/site-packages/airflow/models/dag.py", line 1662, in execute_callback
    callback(context)
  File "/opt/airflow/dags/weather_pipeline.py", line 27, in audit_success
    write_audit_event("DAG_SUCCESS", context)
  File "/opt/airflow/plugins/pipeline_audit.py", line 19, in write_audit_event
    ti = context.get("task_instance")
    ^^^^^^^^^^^^^^^^^
AttributeError: 'str' object has no attribute 'parent'
[2026-08-17T21:12:44.199+0000] {logging_mixin.py:190} INFO - [2026-08-17T21:12:44.198+0000] {dag.py:3239} INFO - Sync 1 DAGs
[2026-08-17T21:12:44.210+0000] {logging_mixin.py:190} INFO - [2026-08-17T21:12:44.210+0000] {dag.py:4180} INFO - Setting next_dagrun for weather_data_integration_phase7 to 2026-08-17 04:00:00+00:00, run_after=2026-08-18 04:00:00+00:00
[2026-08-17T21:12:44.232+0000] {processor.py:208} INFO - Processing /opt/airflow/dags/weather_pipeline.py took 0.105 seconds
[2026-08-17T21:13:15.056+0000] {processor.py:186} INFO - Started process (PID=273) to work on /opt/airflow/dags/weather_pipeline.py
[2026-08-17T21:13:15.058+0000] {processor.py:914} INFO - Processing file /opt/airflow/dags/weather_pipeline.py for tasks to queue
[2026-08-17T21:13:15.063+0000] {logging_mixin.py:190} INFO - [2026-08-17T21:13:15.060+0000] {dagbag.py:588} INFO - Filling up the DagBag from /opt/airflow/dags/weather_pipeline.py
[2026-08-17T21:13:15.079+0000] {processor.py:925} INFO - DAG(s) 'weather_data_integration_phase7' retrieved from /opt/airflow/dags/weather_pipeline.py
[2026-08-17T21:13:15.097+0000] {logging_mixin.py:190} INFO - [2026-08-17T21:13:15.097+0000] {dag.py:3239} INFO - Sync 1 DAGs
[2026-08-17T21:13:15.111+0000] {logging_mixin.py:190} INFO - [2026-08-17T21:13:15.110+0000] {dag.py:4180} INFO - Setting next_dagrun for weather_data_integration_phase7 to 2026-08-17 04:00:00+00:00, run_after=2026-08-18 04:00:00+00:00
[2026-08-17T21:13:15.135+0000] {processor.py:208} INFO - Processing /opt/airflow/dags/weather_pipeline.py took 0.090 seconds
[2026-08-17T21:13:45.456+0000] {processor.py:186} INFO - Started process (PID=275) to work on /opt/airflow/dags/weather_pipeline.py
[2026-08-17T21:13:45.458+0000] {processor.py:914} INFO - Processing file /opt/airflow/dags/weather_pipeline.py for tasks to queue
[2026-08-17T21:13:45.460+0000] {logging_mixin.py:190} INFO - [2026-08-17T21:13:45.459+0000] {dagbag.py:588} INFO - Filling up the DagBag from /opt/airflow/dags/weather_pipeline.py
[2026-08-17T21:13:45.480+0000] {processor.py:925} INFO - DAG(s) 'weather_data_integration_phase7' retrieved from /opt/airflow/dags/weather_pipeline.py
[2026-08-17T21:13:45.502+0000] {logging_mixin.py:190} INFO - [2026-08-17T21:13:45.502+0000] {dag.py:3239} INFO - Sync 1 DAGs
[2026-08-17T21:13:45.519+0000] {logging_mixin.py:190} INFO - [2026-08-17T21:13:45.519+0000] {dag.py:4180} INFO - Setting next_dagrun for weather_data_integration_phase7 to 2026-08-17 04:00:00+00:00, run_after=2026-08-18 04:00:00+00:00
[2026-08-17T21:13:45.558+0000] {processor.py:208} INFO - Processing /opt/airflow/dags/weather_pipeline.py took 0.106 seconds
[2026-08-17T21:14:15.858+0000] {processor.py:186} INFO - Started process (PID=277) to work on /opt/airflow/dags/weather_pipeline.py
[2026-08-17T21:14:15.860+0000] {processor.py:914} INFO - Processing file /opt/airflow/dags/weather_pipeline.py for tasks to queue
[2026-08-17T21:14:15.862+0000] {logging_mixin.py:190} INFO - [2026-08-17T21:14:15.861+0000] {dagbag.py:588} INFO - Filling up the DagBag from /opt/airflow/dags/weather_pipeline.py
[2026-08-17T21:14:15.878+0000] {processor.py:925} INFO - DAG(s) 'weather_data_integration_phase7' retrieved from /opt/airflow/dags/weather_pipeline.py
[2026-08-17T21:14:15.898+0000] {logging_mixin.py:190} INFO - [2026-08-17T21:14:15.897+0000] {dag.py:3239} INFO - Sync 1 DAGs
[2026-08-17T21:14:15.912+0000] {logging_mixin.py:190} INFO - [2026-08-17T21:14:15.912+0000] {dag.py:4180} INFO - Setting next_dagrun for weather_data_integration_phase7 to 2026-08-17 04:00:00+00:00, run_after=2026-08-18 04:00:00+00:00
[2026-08-17T21:14:15.935+0000] {processor.py:208} INFO - Processing /opt/airflow/dags/weather_pipeline.py took 0.082 seconds
[2026-08-17T21:14:46.238+0000] {processor.py:186} INFO - Started process (PID=279) to work on /opt/airflow/dags/weather_pipeline.py
[2026-08-17T21:14:46.241+0000] {processor.py:914} INFO - Processing file /opt/airflow/dags/weather_pipeline.py for tasks to queue
[2026-08-17T21:14:46.243+0000] {logging_mixin.py:190} INFO - [2026-08-17T21:14:46.243+0000] {dagbag.py:588} INFO - Filling up the DagBag from /opt/airflow/dags/weather_pipeline.py
[2026-08-17T21:14:46.264+0000] {processor.py:925} INFO - DAG(s) 'weather_data_integration_phase7' retrieved from /opt/airflow/dags/weather_pipeline.py
[2026-08-17T21:14:46.284+0000] {logging_mixin.py:190} INFO - [2026-08-17T21:14:46.284+0000] {dag.py:3239} INFO - Sync 1 DAGs
[2026-08-17T21:14:46.300+0000] {logging_mixin.py:190} INFO - [2026-08-17T21:14:46.300+0000] {dag.py:4180} INFO - Setting next_dagrun for weather_data_integration_phase7 to 2026-08-17 04:00:00+00:00, run_after=2026-08-18 04:00:00+00:00
[2026-08-17T21:14:46.328+0000] {processor.py:208} INFO - Processing /opt/airflow/dags/weather_pipeline.py took 0.095 seconds
[2026-08-17T21:15:16.650+0000] {processor.py:186} INFO - Started process (PID=281) to work on /opt/airflow/dags/weather_pipeline.py
[2026-08-17T21:15:16.652+0000] {processor.py:914} INFO - Processing file /opt/airflow/dags/weather_pipeline.py for tasks to queue
[2026-08-17T21:15:16.654+0000] {logging_mixin.py:190} INFO - [2026-08-17T21:15:16.654+0000] {dagbag.py:588} INFO - Filling up the DagBag from /opt/airflow/dags/weather_pipeline.py
[2026-08-17T21:15:16.674+0000] {processor.py:925} INFO - DAG(s) 'weather_data_integration_phase7' retrieved from /opt/airflow/dags/weather_pipeline.py
[2026-08-17T21:15:16.700+0000] {logging_mixin.py:190} INFO - [2026-08-17T21:15:16.699+0000] {dag.py:3239} INFO - Sync 1 DAGs
[2026-08-17T21:15:16.716+0000] {logging_mixin.py:190} INFO - [2026-08-17T21:15:16.716+0000] {dag.py:4180} INFO - Setting next_dagrun for weather_data_integration_phase7 to 2026-08-17 04:00:00+00:00, run_after=2026-08-18 04:00:00+00:00
[2026-08-17T21:15:16.741+0000] {processor.py:208} INFO - Processing /opt/airflow/dags/weather_pipeline.py took 0.097 seconds
[2026-08-17T21:15:47.034+0000] {processor.py:186} INFO - Started process (PID=283) to work on /opt/airflow/dags/weather_pipeline.py
[2026-08-17T21:15:47.035+0000] {processor.py:914} INFO - Processing file /opt/airflow/dags/weather_pipeline.py for tasks to queue
[2026-08-17T21:15:47.037+0000] {logging_mixin.py:190} INFO - [2026-08-17T21:15:47.036+0000] {dagbag.py:588} INFO - Filling up the DagBag from /opt/airflow/dags/weather_pipeline.py
[2026-08-17T21:15:47.053+0000] {processor.py:925} INFO - DAG(s) 'weather_data_integration_phase7' retrieved from /opt/airflow/dags/weather_pipeline.py
[2026-08-17T21:15:47.075+0000] {logging_mixin.py:190} INFO - [2026-08-17T21:15:47.075+0000] {dag.py:3239} INFO - Sync 1 DAGs
[2026-08-17T21:15:47.091+0000] {logging_mixin.py:190} INFO - [2026-08-17T21:15:47.091+0000] {dag.py:4180} INFO - Setting next_dagrun for weather_data_integration_phase7 to 2026-08-17 04:00:00+00:00, run_after=2026-08-18 04:00:00+00:00
[2026-08-17T21:15:47.125+0000] {processor.py:208} INFO - Processing /opt/airflow/dags/weather_pipeline.py took 0.096 seconds
[2026-08-17T21:16:17.390+0000] {processor.py:186} INFO - Started process (PID=285) to work on /opt/airflow/dags/weather_pipeline.py
[2026-08-17T21:16:17.391+0000] {processor.py:914} INFO - Processing file /opt/airflow/dags/weather_pipeline.py for tasks to queue
[2026-08-17T21:16:17.394+0000] {logging_mixin.py:190} INFO - [2026-08-17T21:16:17.393+0000] {dagbag.py:588} INFO - Filling up the DagBag from /opt/airflow/dags/weather_pipeline.py
[2026-08-17T21:16:17.412+0000] {processor.py:925} INFO - DAG(s) 'weather_data_integration_phase7' retrieved from /opt/airflow/dags/weather_pipeline.py
[2026-08-17T21:16:17.436+0000] {logging_mixin.py:190} INFO - [2026-08-17T21:16:17.435+0000] {dag.py:3239} INFO - Sync 1 DAGs
[2026-08-17T21:16:17.459+0000] {logging_mixin.py:190} INFO - [2026-08-17T21:16:17.459+0000] {dag.py:4180} INFO - Setting next_dagrun for weather_data_integration_phase7 to 2026-08-17 04:00:00+00:00, run_after=2026-08-18 04:00:00+00:00
[2026-08-17T21:16:17.493+0000] {processor.py:208} INFO - Processing /opt/airflow/dags/weather_pipeline.py took 0.108 seconds
[2026-08-17T21:16:47.632+0000] {processor.py:186} INFO - Started process (PID=287) to work on /opt/airflow/dags/weather_pipeline.py
[2026-08-17T21:16:47.634+0000] {processor.py:914} INFO - Processing file /opt/airflow/dags/weather_pipeline.py for tasks to queue
[2026-08-17T21:16:47.635+0000] {logging_mixin.py:190} INFO - [2026-08-17T21:16:47.635+0000] {dagbag.py:588} INFO - Filling up the DagBag from /opt/airflow/dags/weather_pipeline.py
[2026-08-17T21:16:47.653+0000] {processor.py:925} INFO - DAG(s) 'weather_data_integration_phase7' retrieved from /opt/airflow/dags/weather_pipeline.py
[2026-08-17T21:16:47.671+0000] {logging_mixin.py:190} INFO - [2026-08-17T21:16:47.671+0000] {dag.py:3239} INFO - Sync 1 DAGs
[2026-08-17T21:16:47.685+0000] {logging_mixin.py:190} INFO - [2026-08-17T21:16:47.685+0000] {dag.py:4180} INFO - Setting next_dagrun for weather_data_integration_phase7 to 2026-08-17 04:00:00+00:00, run_after=2026-08-18 04:00:00+00:00
[2026-08-17T21:16:47.707+0000] {processor.py:208} INFO - Processing /opt/airflow/dags/weather_pipeline.py took 0.079 seconds
[2026-08-17T21:17:18.035+0000] {processor.py:186} INFO - Started process (PID=289) to work on /opt/airflow/dags/weather_pipeline.py
[2026-08-17T21:17:18.037+0000] {processor.py:914} INFO - Processing file /opt/airflow/dags/weather_pipeline.py for tasks to queue
[2026-08-17T21:17:18.038+0000] {logging_mixin.py:190} INFO - [2026-08-17T21:17:18.038+0000] {dagbag.py:588} INFO - Filling up the DagBag from /opt/airflow/dags/weather_pipeline.py
[2026-08-17T21:17:18.054+0000] {processor.py:925} INFO - DAG(s) 'weather_data_integration_phase7' retrieved from /opt/airflow/dags/weather_pipeline.py
[2026-08-17T21:17:18.072+0000] {logging_mixin.py:190} INFO - [2026-08-17T21:17:18.072+0000] {dag.py:3239} INFO - Sync 1 DAGs
[2026-08-17T21:17:18.086+0000] {logging_mixin.py:190} INFO - [2026-08-17T21:17:18.086+0000] {dag.py:4180} INFO - Setting next_dagrun for weather_data_integration_phase7 to 2026-08-17 04:00:00+00:00, run_after=2026-08-18 04:00:00+00:00
[2026-08-17T21:17:18.111+0000] {processor.py:208} INFO - Processing /opt/airflow/dags/weather_pipeline.py took 0.080 seconds
[2026-08-17T21:17:48.414+0000] {processor.py:186} INFO - Started process (PID=291) to work on /opt/airflow/dags/weather_pipeline.py
[2026-08-17T21:17:48.416+0000] {processor.py:914} INFO - Processing file /opt/airflow/dags/weather_pipeline.py for tasks to queue
[2026-08-17T21:17:48.418+0000] {logging_mixin.py:190} INFO - [2026-08-17T21:17:48.418+0000] {dagbag.py:588} INFO - Filling up the DagBag from /opt/airflow/dags/weather_pipeline.py
[2026-08-17T21:17:48.437+0000] {processor.py:925} INFO - DAG(s) 'weather_data_integration_phase7' retrieved from /opt/airflow/dags/weather_pipeline.py
[2026-08-17T21:17:48.455+0000] {logging_mixin.py:190} INFO - [2026-08-17T21:17:48.455+0000] {dag.py:3239} INFO - Sync 1 DAGs
[2026-08-17T21:17:48.471+0000] {logging_mixin.py:190} INFO - [2026-08-17T21:17:48.471+0000] {dag.py:4180} INFO - Setting next_dagrun for weather_data_integration_phase7 to 2026-08-17 04:00:00+00:00, run_after=2026-08-18 04:00:00+00:00
[2026-08-17T21:17:48.494+0000] {processor.py:208} INFO - Processing /opt/airflow/dags/weather_pipeline.py took 0.086 seconds
[2026-08-17T21:18:18.811+0000] {processor.py:186} INFO - Started process (PID=293) to work on /opt/airflow/dags/weather_pipeline.py
[2026-08-17T21:18:18.812+0000] {processor.py:914} INFO - Processing file /opt/airflow/dags/weather_pipeline.py for tasks to queue
[2026-08-17T21:18:18.814+0000] {logging_mixin.py:190} INFO - [2026-08-17T21:18:18.813+0000] {dagbag.py:588} INFO - Filling up the DagBag from /opt/airflow/dags/weather_pipeline.py
[2026-08-17T21:18:18.832+0000] {processor.py:925} INFO - DAG(s) 'weather_data_integration_phase7' retrieved from /opt/airflow/dags/weather_pipeline.py
[2026-08-17T21:18:18.852+0000] {logging_mixin.py:190} INFO - [2026-08-17T21:18:18.852+0000] {dag.py:3239} INFO - Sync 1 DAGs
[2026-08-17T21:18:18.872+0000] {logging_mixin.py:190} INFO - [2026-08-17T21:18:18.872+0000] {dag.py:4180} INFO - Setting next_dagrun for weather_data_integration_phase7 to 2026-08-17 04:00:00+00:00, run_after=2026-08-18 04:00:00+00:00
[2026-08-17T21:18:18.905+0000] {processor.py:208} INFO - Processing /opt/airflow/dags/weather_pipeline.py took 0.099 seconds
[2026-08-17T21:18:49.106+0000] {processor.py:186} INFO - Started process (PID=295) to work on /opt/airflow/dags/weather_pipeline.py
[2026-08-17T21:18:49.108+0000] {processor.py:914} INFO - Processing file /opt/airflow/dags/weather_pipeline.py for tasks to queue
[2026-08-17T21:18:49.110+0000] {logging_mixin.py:190} INFO - [2026-08-17T21:18:49.110+0000] {dagbag.py:588} INFO - Filling up the DagBag from /opt/airflow/dags/weather_pipeline.py
[2026-08-17T21:18:49.131+0000] {processor.py:925} INFO - DAG(s) 'weather_data_integration_phase7' retrieved from /opt/airflow/dags/weather_pipeline.py
[2026-08-17T21:18:49.152+0000] {logging_mixin.py:190} INFO - [2026-08-17T21:18:49.152+0000] {dag.py:3239} INFO - Sync 1 DAGs
[2026-08-17T21:18:49.168+0000] {logging_mixin.py:190} INFO - [2026-08-17T21:18:49.168+0000] {dag.py:4180} INFO - Setting next_dagrun for weather_data_integration_phase7 to 2026-08-17 04:00:00+00:00, run_after=2026-08-18 04:00:00+00:00
[2026-08-17T21:18:49.195+0000] {processor.py:208} INFO - Processing /opt/airflow/dags/weather_pipeline.py took 0.096 seconds
[2026-08-17T21:19:19.502+0000] {processor.py:186} INFO - Started process (PID=297) to work on /opt/airflow/dags/weather_pipeline.py
[2026-08-17T21:19:19.503+0000] {processor.py:914} INFO - Processing file /opt/airflow/dags/weather_pipeline.py for tasks to queue
[2026-08-17T21:19:19.504+0000] {logging_mixin.py:190} INFO - [2026-08-17T21:19:19.504+0000] {dagbag.py:588} INFO - Filling up the DagBag from /opt/airflow/dags/weather_pipeline.py
[2026-08-17T21:19:19.520+0000] {processor.py:925} INFO - DAG(s) 'weather_data_integration_phase7' retrieved from /opt/airflow/dags/weather_pipeline.py
[2026-08-17T21:19:19.539+0000] {logging_mixin.py:190} INFO - [2026-08-17T21:19:19.539+0000] {dag.py:3239} INFO - Sync 1 DAGs
[2026-08-17T21:19:19.553+0000] {logging_mixin.py:190} INFO - [2026-08-17T21:19:19.553+0000] {dag.py:4180} INFO - Setting next_dagrun for weather_data_integration_phase7 to 2026-08-17 04:00:00+00:00, run_after=2026-08-18 04:00:00+00:00
[2026-08-17T21:19:19.577+0000] {processor.py:208} INFO - Processing /opt/airflow/dags/weather_pipeline.py took 0.080 seconds
[2026-08-17T21:19:49.875+0000] {processor.py:186} INFO - Started process (PID=299) to work on /opt/airflow/dags/weather_pipeline.py
[2026-08-17T21:19:49.876+0000] {processor.py:914} INFO - Processing file /opt/airflow/dags/weather_pipeline.py for tasks to queue
[2026-08-17T21:19:49.878+0000] {logging_mixin.py:190} INFO - [2026-08-17T21:19:49.877+0000] {dagbag.py:588} INFO - Filling up the DagBag from /opt/airflow/dags/weather_pipeline.py
[2026-08-17T21:19:49.895+0000] {processor.py:925} INFO - DAG(s) 'weather_data_integration_phase7' retrieved from /opt/airflow/dags/weather_pipeline.py
[2026-08-17T21:19:49.920+0000] {logging_mixin.py:190} INFO - [2026-08-17T21:19:49.919+0000] {dag.py:3239} INFO - Sync 1 DAGs
[2026-08-17T21:19:49.939+0000] {logging_mixin.py:190} INFO - [2026-08-17T21:19:49.939+0000] {dag.py:4180} INFO - Setting next_dagrun for weather_data_integration_phase7 to 2026-08-17 04:00:00+00:00, run_after=2026-08-18 04:00:00+00:00
[2026-08-17T21:19:49.961+0000] {processor.py:208} INFO - Processing /opt/airflow/dags/weather_pipeline.py took 0.091 seconds
[2026-08-17T21:20:20.265+0000] {processor.py:186} INFO - Started process (PID=301) to work on /opt/airflow/dags/weather_pipeline.py
[2026-08-17T21:20:20.268+0000] {processor.py:914} INFO - Processing file /opt/airflow/dags/weather_pipeline.py for tasks to queue
[2026-08-17T21:20:20.269+0000] {logging_mixin.py:190} INFO - [2026-08-17T21:20:20.269+0000] {dagbag.py:588} INFO - Filling up the DagBag from /opt/airflow/dags/weather_pipeline.py
[2026-08-17T21:20:20.288+0000] {processor.py:925} INFO - DAG(s) 'weather_data_integration_phase7' retrieved from /opt/airflow/dags/weather_pipeline.py
[2026-08-17T21:20:20.306+0000] {logging_mixin.py:190} INFO - [2026-08-17T21:20:20.306+0000] {dag.py:3239} INFO - Sync 1 DAGs
[2026-08-17T21:20:20.324+0000] {logging_mixin.py:190} INFO - [2026-08-17T21:20:20.324+0000] {dag.py:4180} INFO - Setting next_dagrun for weather_data_integration_phase7 to 2026-08-17 04:00:00+00:00, run_after=2026-08-18 04:00:00+00:00
[2026-08-17T21:20:20.347+0000] {processor.py:208} INFO - Processing /opt/airflow/dags/weather_pipeline.py took 0.087 seconds
[2026-08-17T21:20:50.516+0000] {processor.py:186} INFO - Started process (PID=303) to work on /opt/airflow/dags/weather_pipeline.py
[2026-08-17T21:20:50.518+0000] {processor.py:914} INFO - Processing file /opt/airflow/dags/weather_pipeline.py for tasks to queue
[2026-08-17T21:20:50.519+0000] {logging_mixin.py:190} INFO - [2026-08-17T21:20:50.519+0000] {dagbag.py:588} INFO - Filling up the DagBag from /opt/airflow/dags/weather_pipeline.py
[2026-08-17T21:20:50.552+0000] {processor.py:925} INFO - DAG(s) 'weather_data_integration_phase7' retrieved from /opt/airflow/dags/weather_pipeline.py
[2026-08-17T21:20:50.571+0000] {logging_mixin.py:190} INFO - [2026-08-17T21:20:50.571+0000] {dag.py:3239} INFO - Sync 1 DAGs
[2026-08-17T21:20:50.585+0000] {logging_mixin.py:190} INFO - [2026-08-17T21:20:50.585+0000] {dag.py:4180} INFO - Setting next_dagrun for weather_data_integration_phase7 to 2026-08-17 04:00:00+00:00, run_after=2026-08-18 04:00:00+00:00
[2026-08-17T21:20:50.609+0000] {processor.py:208} INFO - Processing /opt/airflow/dags/weather_pipeline.py took 0.098 seconds
[2026-08-17T21:23:47.581+0000] {processor.py:186} INFO - Started process (PID=316) to work on /opt/airflow/dags/weather_pipeline.py
[2026-08-17T21:23:47.582+0000] {processor.py:914} INFO - Processing file /opt/airflow/dags/weather_pipeline.py for tasks to queue
[2026-08-17T21:23:47.584+0000] {logging_mixin.py:190} INFO - [2026-08-17T21:23:47.584+0000] {dagbag.py:588} INFO - Filling up the DagBag from /opt/airflow/dags/weather_pipeline.py
[2026-08-17T21:23:47.606+0000] {processor.py:925} INFO - DAG(s) 'weather_data_integration_phase7' retrieved from /opt/airflow/dags/weather_pipeline.py
[2026-08-17T21:23:47.642+0000] {logging_mixin.py:190} INFO - [2026-08-17T21:23:47.642+0000] {dag.py:3239} INFO - Sync 1 DAGs
[2026-08-17T21:23:47.683+0000] {processor.py:208} INFO - Processing /opt/airflow/dags/weather_pipeline.py took 0.108 seconds
[2026-08-17T21:23:47.837+0000] {processor.py:186} INFO - Started process (PID=317) to work on /opt/airflow/dags/weather_pipeline.py
[2026-08-17T21:23:47.839+0000] {processor.py:914} INFO - Processing file /opt/airflow/dags/weather_pipeline.py for tasks to queue
[2026-08-17T21:23:47.842+0000] {logging_mixin.py:190} INFO - [2026-08-17T21:23:47.841+0000] {dagbag.py:588} INFO - Filling up the DagBag from /opt/airflow/dags/weather_pipeline.py
[2026-08-17T21:23:47.866+0000] {processor.py:925} INFO - DAG(s) 'weather_data_integration_phase7' retrieved from /opt/airflow/dags/weather_pipeline.py
[2026-08-17T21:23:47.900+0000] {logging_mixin.py:190} INFO - [2026-08-17T21:23:47.899+0000] {dag.py:1660} INFO - Executing dag callback function: <function audit_success at 0x7a3269e31c60>
[2026-08-17T21:23:47.913+0000] {logging_mixin.py:190} INFO - [2026-08-17T21:23:47.902+0000] {dag.py:1664} ERROR - failed to invoke dag state update callback
Traceback (most recent call last):
  File "/home/airflow/.local/lib/python3.11/site-packages/airflow/models/dag.py", line 1662, in execute_callback
    callback(context)
  File "/opt/airflow/dags/weather_pipeline.py", line 27, in audit_success
    write_audit_event("DAG_SUCCESS", context)
  File "/opt/airflow/plugins/pipeline_audit.py", line 19, in write_audit_event
    ti = context.get("task_instance")
    ^^^^^^^^^^^^^^^^^
AttributeError: 'str' object has no attribute 'parent'
[2026-08-17T21:23:47.932+0000] {logging_mixin.py:190} INFO - [2026-08-17T21:23:47.932+0000] {dag.py:3239} INFO - Sync 1 DAGs
[2026-08-17T21:23:47.948+0000] {logging_mixin.py:190} INFO - [2026-08-17T21:23:47.948+0000] {dag.py:4180} INFO - Setting next_dagrun for weather_data_integration_phase7 to 2026-08-17 04:00:00+00:00, run_after=2026-08-18 04:00:00+00:00
[2026-08-17T21:23:47.982+0000] {processor.py:208} INFO - Processing /opt/airflow/dags/weather_pipeline.py took 0.149 seconds
[2026-08-17T21:24:18.723+0000] {processor.py:186} INFO - Started process (PID=319) to work on /opt/airflow/dags/weather_pipeline.py
[2026-08-17T21:24:18.724+0000] {processor.py:914} INFO - Processing file /opt/airflow/dags/weather_pipeline.py for tasks to queue
[2026-08-17T21:24:18.729+0000] {logging_mixin.py:190} INFO - [2026-08-17T21:24:18.726+0000] {dagbag.py:588} INFO - Filling up the DagBag from /opt/airflow/dags/weather_pipeline.py
[2026-08-17T21:24:18.746+0000] {processor.py:925} INFO - DAG(s) 'weather_data_integration_phase7' retrieved from /opt/airflow/dags/weather_pipeline.py
[2026-08-17T21:24:18.763+0000] {logging_mixin.py:190} INFO - [2026-08-17T21:24:18.763+0000] {dag.py:3239} INFO - Sync 1 DAGs
[2026-08-17T21:24:18.776+0000] {logging_mixin.py:190} INFO - [2026-08-17T21:24:18.776+0000] {dag.py:4180} INFO - Setting next_dagrun for weather_data_integration_phase7 to 2026-08-17 04:00:00+00:00, run_after=2026-08-18 04:00:00+00:00
[2026-08-17T21:24:18.810+0000] {processor.py:208} INFO - Processing /opt/airflow/dags/weather_pipeline.py took 0.092 seconds
[2026-08-17T21:24:49.033+0000] {processor.py:186} INFO - Started process (PID=321) to work on /opt/airflow/dags/weather_pipeline.py
[2026-08-17T21:24:49.036+0000] {processor.py:914} INFO - Processing file /opt/airflow/dags/weather_pipeline.py for tasks to queue
[2026-08-17T21:24:49.039+0000] {logging_mixin.py:190} INFO - [2026-08-17T21:24:49.038+0000] {dagbag.py:588} INFO - Filling up the DagBag from /opt/airflow/dags/weather_pipeline.py
[2026-08-17T21:24:49.065+0000] {processor.py:925} INFO - DAG(s) 'weather_data_integration_phase7' retrieved from /opt/airflow/dags/weather_pipeline.py
[2026-08-17T21:24:49.100+0000] {logging_mixin.py:190} INFO - [2026-08-17T21:24:49.099+0000] {dag.py:3239} INFO - Sync 1 DAGs
[2026-08-17T21:24:49.124+0000] {logging_mixin.py:190} INFO - [2026-08-17T21:24:49.124+0000] {dag.py:4180} INFO - Setting next_dagrun for weather_data_integration_phase7 to 2026-08-17 04:00:00+00:00, run_after=2026-08-18 04:00:00+00:00
[2026-08-17T21:24:49.154+0000] {processor.py:208} INFO - Processing /opt/airflow/dags/weather_pipeline.py took 0.128 seconds
[2026-08-17T21:25:19.365+0000] {processor.py:186} INFO - Started process (PID=323) to work on /opt/airflow/dags/weather_pipeline.py
[2026-08-17T21:25:19.368+0000] {processor.py:914} INFO - Processing file /opt/airflow/dags/weather_pipeline.py for tasks to queue
[2026-08-17T21:25:19.372+0000] {logging_mixin.py:190} INFO - [2026-08-17T21:25:19.370+0000] {dagbag.py:588} INFO - Filling up the DagBag from /opt/airflow/dags/weather_pipeline.py
[2026-08-17T21:25:19.416+0000] {processor.py:925} INFO - DAG(s) 'weather_data_integration_phase7' retrieved from /opt/airflow/dags/weather_pipeline.py
[2026-08-17T21:25:19.489+0000] {logging_mixin.py:190} INFO - [2026-08-17T21:25:19.489+0000] {dag.py:3239} INFO - Sync 1 DAGs
[2026-08-17T21:25:19.567+0000] {logging_mixin.py:190} INFO - [2026-08-17T21:25:19.566+0000] {dag.py:4180} INFO - Setting next_dagrun for weather_data_integration_phase7 to 2026-08-17 04:00:00+00:00, run_after=2026-08-18 04:00:00+00:00
[2026-08-17T21:25:19.623+0000] {processor.py:208} INFO - Processing /opt/airflow/dags/weather_pipeline.py took 0.273 seconds
[2026-08-17T21:25:50.660+0000] {processor.py:186} INFO - Started process (PID=325) to work on /opt/airflow/dags/weather_pipeline.py
[2026-08-17T21:25:50.662+0000] {processor.py:914} INFO - Processing file /opt/airflow/dags/weather_pipeline.py for tasks to queue
[2026-08-17T21:25:50.664+0000] {logging_mixin.py:190} INFO - [2026-08-17T21:25:50.663+0000] {dagbag.py:588} INFO - Filling up the DagBag from /opt/airflow/dags/weather_pipeline.py
[2026-08-17T21:25:50.683+0000] {processor.py:925} INFO - DAG(s) 'weather_data_integration_phase7' retrieved from /opt/airflow/dags/weather_pipeline.py
[2026-08-17T21:25:50.728+0000] {logging_mixin.py:190} INFO - [2026-08-17T21:25:50.727+0000] {dag.py:3239} INFO - Sync 1 DAGs
[2026-08-17T21:25:50.747+0000] {logging_mixin.py:190} INFO - [2026-08-17T21:25:50.747+0000] {dag.py:4180} INFO - Setting next_dagrun for weather_data_integration_phase7 to 2026-08-17 04:00:00+00:00, run_after=2026-08-18 04:00:00+00:00
[2026-08-17T21:25:50.775+0000] {processor.py:208} INFO - Processing /opt/airflow/dags/weather_pipeline.py took 0.120 seconds
[2026-08-17T21:26:20.972+0000] {processor.py:186} INFO - Started process (PID=327) to work on /opt/airflow/dags/weather_pipeline.py
[2026-08-17T21:26:20.974+0000] {processor.py:914} INFO - Processing file /opt/airflow/dags/weather_pipeline.py for tasks to queue
[2026-08-17T21:26:20.977+0000] {logging_mixin.py:190} INFO - [2026-08-17T21:26:20.976+0000] {dagbag.py:588} INFO - Filling up the DagBag from /opt/airflow/dags/weather_pipeline.py
[2026-08-17T21:26:20.998+0000] {processor.py:925} INFO - DAG(s) 'weather_data_integration_phase7' retrieved from /opt/airflow/dags/weather_pipeline.py
[2026-08-17T21:26:21.021+0000] {logging_mixin.py:190} INFO - [2026-08-17T21:26:21.021+0000] {dag.py:3239} INFO - Sync 1 DAGs
[2026-08-17T21:26:21.039+0000] {logging_mixin.py:190} INFO - [2026-08-17T21:26:21.039+0000] {dag.py:4180} INFO - Setting next_dagrun for weather_data_integration_phase7 to 2026-08-17 04:00:00+00:00, run_after=2026-08-18 04:00:00+00:00
[2026-08-17T21:26:21.067+0000] {processor.py:208} INFO - Processing /opt/airflow/dags/weather_pipeline.py took 0.101 seconds
[2026-08-17T21:26:51.265+0000] {processor.py:186} INFO - Started process (PID=329) to work on /opt/airflow/dags/weather_pipeline.py
[2026-08-17T21:26:51.267+0000] {processor.py:914} INFO - Processing file /opt/airflow/dags/weather_pipeline.py for tasks to queue
[2026-08-17T21:26:51.270+0000] {logging_mixin.py:190} INFO - [2026-08-17T21:26:51.269+0000] {dagbag.py:588} INFO - Filling up the DagBag from /opt/airflow/dags/weather_pipeline.py
[2026-08-17T21:26:51.297+0000] {processor.py:925} INFO - DAG(s) 'weather_data_integration_phase7' retrieved from /opt/airflow/dags/weather_pipeline.py
[2026-08-17T21:26:51.321+0000] {logging_mixin.py:190} INFO - [2026-08-17T21:26:51.321+0000] {dag.py:3239} INFO - Sync 1 DAGs
[2026-08-17T21:26:51.344+0000] {logging_mixin.py:190} INFO - [2026-08-17T21:26:51.344+0000] {dag.py:4180} INFO - Setting next_dagrun for weather_data_integration_phase7 to 2026-08-17 04:00:00+00:00, run_after=2026-08-18 04:00:00+00:00
[2026-08-17T21:26:51.381+0000] {processor.py:208} INFO - Processing /opt/airflow/dags/weather_pipeline.py took 0.123 seconds
[2026-08-17T21:27:21.581+0000] {processor.py:186} INFO - Started process (PID=331) to work on /opt/airflow/dags/weather_pipeline.py
[2026-08-17T21:27:21.584+0000] {processor.py:914} INFO - Processing file /opt/airflow/dags/weather_pipeline.py for tasks to queue
[2026-08-17T21:27:21.586+0000] {logging_mixin.py:190} INFO - [2026-08-17T21:27:21.585+0000] {dagbag.py:588} INFO - Filling up the DagBag from /opt/airflow/dags/weather_pipeline.py
[2026-08-17T21:27:21.608+0000] {processor.py:925} INFO - DAG(s) 'weather_data_integration_phase7' retrieved from /opt/airflow/dags/weather_pipeline.py
[2026-08-17T21:27:21.631+0000] {logging_mixin.py:190} INFO - [2026-08-17T21:27:21.631+0000] {dag.py:3239} INFO - Sync 1 DAGs
[2026-08-17T21:27:21.648+0000] {logging_mixin.py:190} INFO - [2026-08-17T21:27:21.647+0000] {dag.py:4180} INFO - Setting next_dagrun for weather_data_integration_phase7 to 2026-08-17 04:00:00+00:00, run_after=2026-08-18 04:00:00+00:00
[2026-08-17T21:27:21.672+0000] {processor.py:208} INFO - Processing /opt/airflow/dags/weather_pipeline.py took 0.098 seconds
[2026-08-17T21:27:51.911+0000] {processor.py:186} INFO - Started process (PID=333) to work on /opt/airflow/dags/weather_pipeline.py
[2026-08-17T21:27:51.914+0000] {processor.py:914} INFO - Processing file /opt/airflow/dags/weather_pipeline.py for tasks to queue
[2026-08-17T21:27:51.917+0000] {logging_mixin.py:190} INFO - [2026-08-17T21:27:51.916+0000] {dagbag.py:588} INFO - Filling up the DagBag from /opt/airflow/dags/weather_pipeline.py
[2026-08-17T21:27:51.948+0000] {processor.py:925} INFO - DAG(s) 'weather_data_integration_phase7' retrieved from /opt/airflow/dags/weather_pipeline.py
[2026-08-17T21:27:51.982+0000] {logging_mixin.py:190} INFO - [2026-08-17T21:27:51.981+0000] {dag.py:3239} INFO - Sync 1 DAGs
[2026-08-17T21:27:52.008+0000] {logging_mixin.py:190} INFO - [2026-08-17T21:27:52.008+0000] {dag.py:4180} INFO - Setting next_dagrun for weather_data_integration_phase7 to 2026-08-17 04:00:00+00:00, run_after=2026-08-18 04:00:00+00:00
[2026-08-17T21:27:52.051+0000] {processor.py:208} INFO - Processing /opt/airflow/dags/weather_pipeline.py took 0.149 seconds
[2026-08-17T21:28:22.139+0000] {processor.py:186} INFO - Started process (PID=335) to work on /opt/airflow/dags/weather_pipeline.py
[2026-08-17T21:28:22.140+0000] {processor.py:914} INFO - Processing file /opt/airflow/dags/weather_pipeline.py for tasks to queue
[2026-08-17T21:28:22.142+0000] {logging_mixin.py:190} INFO - [2026-08-17T21:28:22.141+0000] {dagbag.py:588} INFO - Filling up the DagBag from /opt/airflow/dags/weather_pipeline.py
[2026-08-17T21:28:22.159+0000] {processor.py:925} INFO - DAG(s) 'weather_data_integration_phase7' retrieved from /opt/airflow/dags/weather_pipeline.py
[2026-08-17T21:28:22.182+0000] {logging_mixin.py:190} INFO - [2026-08-17T21:28:22.182+0000] {dag.py:3239} INFO - Sync 1 DAGs
[2026-08-17T21:28:22.199+0000] {logging_mixin.py:190} INFO - [2026-08-17T21:28:22.199+0000] {dag.py:4180} INFO - Setting next_dagrun for weather_data_integration_phase7 to 2026-08-17 04:00:00+00:00, run_after=2026-08-18 04:00:00+00:00
[2026-08-17T21:28:22.232+0000] {processor.py:208} INFO - Processing /opt/airflow/dags/weather_pipeline.py took 0.097 seconds
[2026-08-17T21:28:52.437+0000] {processor.py:186} INFO - Started process (PID=337) to work on /opt/airflow/dags/weather_pipeline.py
[2026-08-17T21:28:52.439+0000] {processor.py:914} INFO - Processing file /opt/airflow/dags/weather_pipeline.py for tasks to queue
[2026-08-17T21:28:52.445+0000] {logging_mixin.py:190} INFO - [2026-08-17T21:28:52.441+0000] {dagbag.py:588} INFO - Filling up the DagBag from /opt/airflow/dags/weather_pipeline.py
[2026-08-17T21:28:52.469+0000] {processor.py:925} INFO - DAG(s) 'weather_data_integration_phase7' retrieved from /opt/airflow/dags/weather_pipeline.py
[2026-08-17T21:28:52.494+0000] {logging_mixin.py:190} INFO - [2026-08-17T21:28:52.493+0000] {dag.py:3239} INFO - Sync 1 DAGs
[2026-08-17T21:28:52.515+0000] {logging_mixin.py:190} INFO - [2026-08-17T21:28:52.514+0000] {dag.py:4180} INFO - Setting next_dagrun for weather_data_integration_phase7 to 2026-08-17 04:00:00+00:00, run_after=2026-08-18 04:00:00+00:00
[2026-08-17T21:28:52.543+0000] {processor.py:208} INFO - Processing /opt/airflow/dags/weather_pipeline.py took 0.114 seconds
[2026-08-17T21:29:23.380+0000] {processor.py:186} INFO - Started process (PID=339) to work on /opt/airflow/dags/weather_pipeline.py
[2026-08-17T21:29:23.382+0000] {processor.py:914} INFO - Processing file /opt/airflow/dags/weather_pipeline.py for tasks to queue
[2026-08-17T21:29:23.385+0000] {logging_mixin.py:190} INFO - [2026-08-17T21:29:23.384+0000] {dagbag.py:588} INFO - Filling up the DagBag from /opt/airflow/dags/weather_pipeline.py
[2026-08-17T21:29:23.404+0000] {processor.py:925} INFO - DAG(s) 'weather_data_integration_phase7' retrieved from /opt/airflow/dags/weather_pipeline.py
[2026-08-17T21:29:23.430+0000] {logging_mixin.py:190} INFO - [2026-08-17T21:29:23.430+0000] {dag.py:3239} INFO - Sync 1 DAGs
[2026-08-17T21:29:23.449+0000] {logging_mixin.py:190} INFO - [2026-08-17T21:29:23.449+0000] {dag.py:4180} INFO - Setting next_dagrun for weather_data_integration_phase7 to 2026-08-17 04:00:00+00:00, run_after=2026-08-18 04:00:00+00:00
[2026-08-17T21:29:23.474+0000] {processor.py:208} INFO - Processing /opt/airflow/dags/weather_pipeline.py took 0.099 seconds
[2026-08-17T21:29:54.039+0000] {processor.py:186} INFO - Started process (PID=341) to work on /opt/airflow/dags/weather_pipeline.py
[2026-08-17T21:29:54.040+0000] {processor.py:914} INFO - Processing file /opt/airflow/dags/weather_pipeline.py for tasks to queue
[2026-08-17T21:29:54.041+0000] {logging_mixin.py:190} INFO - [2026-08-17T21:29:54.041+0000] {dagbag.py:588} INFO - Filling up the DagBag from /opt/airflow/dags/weather_pipeline.py
[2026-08-17T21:29:54.061+0000] {processor.py:925} INFO - DAG(s) 'weather_data_integration_phase7' retrieved from /opt/airflow/dags/weather_pipeline.py
[2026-08-17T21:29:54.082+0000] {logging_mixin.py:190} INFO - [2026-08-17T21:29:54.082+0000] {dag.py:3239} INFO - Sync 1 DAGs
[2026-08-17T21:29:54.097+0000] {logging_mixin.py:190} INFO - [2026-08-17T21:29:54.096+0000] {dag.py:4180} INFO - Setting next_dagrun for weather_data_integration_phase7 to 2026-08-17 04:00:00+00:00, run_after=2026-08-18 04:00:00+00:00
[2026-08-17T21:29:54.128+0000] {processor.py:208} INFO - Processing /opt/airflow/dags/weather_pipeline.py took 0.094 seconds
[2026-08-17T21:30:24.360+0000] {processor.py:186} INFO - Started process (PID=343) to work on /opt/airflow/dags/weather_pipeline.py
[2026-08-17T21:30:24.362+0000] {processor.py:914} INFO - Processing file /opt/airflow/dags/weather_pipeline.py for tasks to queue
[2026-08-17T21:30:24.364+0000] {logging_mixin.py:190} INFO - [2026-08-17T21:30:24.364+0000] {dagbag.py:588} INFO - Filling up the DagBag from /opt/airflow/dags/weather_pipeline.py
[2026-08-17T21:30:24.384+0000] {processor.py:925} INFO - DAG(s) 'weather_data_integration_phase7' retrieved from /opt/airflow/dags/weather_pipeline.py
[2026-08-17T21:30:24.408+0000] {logging_mixin.py:190} INFO - [2026-08-17T21:30:24.407+0000] {dag.py:3239} INFO - Sync 1 DAGs
[2026-08-17T21:30:24.425+0000] {logging_mixin.py:190} INFO - [2026-08-17T21:30:24.424+0000] {dag.py:4180} INFO - Setting next_dagrun for weather_data_integration_phase7 to 2026-08-17 04:00:00+00:00, run_after=2026-08-18 04:00:00+00:00
[2026-08-17T21:30:24.454+0000] {processor.py:208} INFO - Processing /opt/airflow/dags/weather_pipeline.py took 0.100 seconds
[2026-08-17T21:30:54.651+0000] {processor.py:186} INFO - Started process (PID=345) to work on /opt/airflow/dags/weather_pipeline.py
[2026-08-17T21:30:54.652+0000] {processor.py:914} INFO - Processing file /opt/airflow/dags/weather_pipeline.py for tasks to queue
[2026-08-17T21:30:54.655+0000] {logging_mixin.py:190} INFO - [2026-08-17T21:30:54.654+0000] {dagbag.py:588} INFO - Filling up the DagBag from /opt/airflow/dags/weather_pipeline.py
[2026-08-17T21:30:54.674+0000] {processor.py:925} INFO - DAG(s) 'weather_data_integration_phase7' retrieved from /opt/airflow/dags/weather_pipeline.py
[2026-08-17T21:30:54.697+0000] {logging_mixin.py:190} INFO - [2026-08-17T21:30:54.696+0000] {dag.py:3239} INFO - Sync 1 DAGs
[2026-08-17T21:30:54.715+0000] {logging_mixin.py:190} INFO - [2026-08-17T21:30:54.714+0000] {dag.py:4180} INFO - Setting next_dagrun for weather_data_integration_phase7 to 2026-08-17 04:00:00+00:00, run_after=2026-08-18 04:00:00+00:00
[2026-08-17T21:30:54.742+0000] {processor.py:208} INFO - Processing /opt/airflow/dags/weather_pipeline.py took 0.098 seconds
[2026-08-17T21:31:24.953+0000] {processor.py:186} INFO - Started process (PID=347) to work on /opt/airflow/dags/weather_pipeline.py
[2026-08-17T21:31:24.955+0000] {processor.py:914} INFO - Processing file /opt/airflow/dags/weather_pipeline.py for tasks to queue
[2026-08-17T21:31:24.956+0000] {logging_mixin.py:190} INFO - [2026-08-17T21:31:24.956+0000] {dagbag.py:588} INFO - Filling up the DagBag from /opt/airflow/dags/weather_pipeline.py
[2026-08-17T21:31:24.974+0000] {processor.py:925} INFO - DAG(s) 'weather_data_integration_phase7' retrieved from /opt/airflow/dags/weather_pipeline.py
[2026-08-17T21:31:24.995+0000] {logging_mixin.py:190} INFO - [2026-08-17T21:31:24.995+0000] {dag.py:3239} INFO - Sync 1 DAGs
[2026-08-17T21:31:25.014+0000] {logging_mixin.py:190} INFO - [2026-08-17T21:31:25.014+0000] {dag.py:4180} INFO - Setting next_dagrun for weather_data_integration_phase7 to 2026-08-17 04:00:00+00:00, run_after=2026-08-18 04:00:00+00:00
[2026-08-17T21:31:25.049+0000] {processor.py:208} INFO - Processing /opt/airflow/dags/weather_pipeline.py took 0.101 seconds
[2026-08-17T21:31:55.205+0000] {processor.py:186} INFO - Started process (PID=349) to work on /opt/airflow/dags/weather_pipeline.py
[2026-08-17T21:31:55.207+0000] {processor.py:914} INFO - Processing file /opt/airflow/dags/weather_pipeline.py for tasks to queue
[2026-08-17T21:31:55.210+0000] {logging_mixin.py:190} INFO - [2026-08-17T21:31:55.209+0000] {dagbag.py:588} INFO - Filling up the DagBag from /opt/airflow/dags/weather_pipeline.py
[2026-08-17T21:31:55.226+0000] {processor.py:925} INFO - DAG(s) 'weather_data_integration_phase7' retrieved from /opt/airflow/dags/weather_pipeline.py
[2026-08-17T21:31:55.257+0000] {logging_mixin.py:190} INFO - [2026-08-17T21:31:55.257+0000] {dag.py:3239} INFO - Sync 1 DAGs
[2026-08-17T21:31:55.294+0000] {logging_mixin.py:190} INFO - [2026-08-17T21:31:55.294+0000] {dag.py:4180} INFO - Setting next_dagrun for weather_data_integration_phase7 to 2026-08-17 04:00:00+00:00, run_after=2026-08-18 04:00:00+00:00
[2026-08-17T21:31:55.330+0000] {processor.py:208} INFO - Processing /opt/airflow/dags/weather_pipeline.py took 0.129 seconds
[2026-08-17T21:32:25.447+0000] {processor.py:186} INFO - Started process (PID=351) to work on /opt/airflow/dags/weather_pipeline.py
[2026-08-17T21:32:25.449+0000] {processor.py:914} INFO - Processing file /opt/airflow/dags/weather_pipeline.py for tasks to queue
[2026-08-17T21:32:25.451+0000] {logging_mixin.py:190} INFO - [2026-08-17T21:32:25.450+0000] {dagbag.py:588} INFO - Filling up the DagBag from /opt/airflow/dags/weather_pipeline.py
[2026-08-17T21:32:25.470+0000] {processor.py:925} INFO - DAG(s) 'weather_data_integration_phase7' retrieved from /opt/airflow/dags/weather_pipeline.py
[2026-08-17T21:32:25.496+0000] {logging_mixin.py:190} INFO - [2026-08-17T21:32:25.495+0000] {dag.py:3239} INFO - Sync 1 DAGs
[2026-08-17T21:32:25.513+0000] {logging_mixin.py:190} INFO - [2026-08-17T21:32:25.513+0000] {dag.py:4180} INFO - Setting next_dagrun for weather_data_integration_phase7 to 2026-08-17 04:00:00+00:00, run_after=2026-08-18 04:00:00+00:00
[2026-08-17T21:32:25.539+0000] {processor.py:208} INFO - Processing /opt/airflow/dags/weather_pipeline.py took 0.097 seconds
[2026-08-17T21:32:55.746+0000] {processor.py:186} INFO - Started process (PID=353) to work on /opt/airflow/dags/weather_pipeline.py
[2026-08-17T21:32:55.747+0000] {processor.py:914} INFO - Processing file /opt/airflow/dags/weather_pipeline.py for tasks to queue
[2026-08-17T21:32:55.749+0000] {logging_mixin.py:190} INFO - [2026-08-17T21:32:55.749+0000] {dagbag.py:588} INFO - Filling up the DagBag from /opt/airflow/dags/weather_pipeline.py
[2026-08-17T21:32:55.766+0000] {processor.py:925} INFO - DAG(s) 'weather_data_integration_phase7' retrieved from /opt/airflow/dags/weather_pipeline.py
[2026-08-17T21:32:55.784+0000] {logging_mixin.py:190} INFO - [2026-08-17T21:32:55.784+0000] {dag.py:3239} INFO - Sync 1 DAGs
[2026-08-17T21:32:55.799+0000] {logging_mixin.py:190} INFO - [2026-08-17T21:32:55.798+0000] {dag.py:4180} INFO - Setting next_dagrun for weather_data_integration_phase7 to 2026-08-17 04:00:00+00:00, run_after=2026-08-18 04:00:00+00:00
[2026-08-17T21:32:55.823+0000] {processor.py:208} INFO - Processing /opt/airflow/dags/weather_pipeline.py took 0.082 seconds
[2026-08-17T21:33:26.048+0000] {processor.py:186} INFO - Started process (PID=355) to work on /opt/airflow/dags/weather_pipeline.py
[2026-08-17T21:33:26.050+0000] {processor.py:914} INFO - Processing file /opt/airflow/dags/weather_pipeline.py for tasks to queue
[2026-08-17T21:33:26.052+0000] {logging_mixin.py:190} INFO - [2026-08-17T21:33:26.052+0000] {dagbag.py:588} INFO - Filling up the DagBag from /opt/airflow/dags/weather_pipeline.py
[2026-08-17T21:33:26.070+0000] {processor.py:925} INFO - DAG(s) 'weather_data_integration_phase7' retrieved from /opt/airflow/dags/weather_pipeline.py
[2026-08-17T21:33:26.090+0000] {logging_mixin.py:190} INFO - [2026-08-17T21:33:26.090+0000] {dag.py:3239} INFO - Sync 1 DAGs
[2026-08-17T21:33:26.108+0000] {logging_mixin.py:190} INFO - [2026-08-17T21:33:26.108+0000] {dag.py:4180} INFO - Setting next_dagrun for weather_data_integration_phase7 to 2026-08-17 04:00:00+00:00, run_after=2026-08-18 04:00:00+00:00
[2026-08-17T21:33:26.131+0000] {processor.py:208} INFO - Processing /opt/airflow/dags/weather_pipeline.py took 0.088 seconds
[2026-08-17T21:33:56.371+0000] {processor.py:186} INFO - Started process (PID=357) to work on /opt/airflow/dags/weather_pipeline.py
[2026-08-17T21:33:56.372+0000] {processor.py:914} INFO - Processing file /opt/airflow/dags/weather_pipeline.py for tasks to queue
[2026-08-17T21:33:56.375+0000] {logging_mixin.py:190} INFO - [2026-08-17T21:33:56.374+0000] {dagbag.py:588} INFO - Filling up the DagBag from /opt/airflow/dags/weather_pipeline.py
[2026-08-17T21:33:56.393+0000] {processor.py:925} INFO - DAG(s) 'weather_data_integration_phase7' retrieved from /opt/airflow/dags/weather_pipeline.py
[2026-08-17T21:33:56.412+0000] {logging_mixin.py:190} INFO - [2026-08-17T21:33:56.412+0000] {dag.py:3239} INFO - Sync 1 DAGs
[2026-08-17T21:33:56.428+0000] {logging_mixin.py:190} INFO - [2026-08-17T21:33:56.427+0000] {dag.py:4180} INFO - Setting next_dagrun for weather_data_integration_phase7 to 2026-08-17 04:00:00+00:00, run_after=2026-08-18 04:00:00+00:00
[2026-08-17T21:33:56.452+0000] {processor.py:208} INFO - Processing /opt/airflow/dags/weather_pipeline.py took 0.086 seconds
[2026-08-17T21:34:26.622+0000] {processor.py:186} INFO - Started process (PID=359) to work on /opt/airflow/dags/weather_pipeline.py
[2026-08-17T21:34:26.623+0000] {processor.py:914} INFO - Processing file /opt/airflow/dags/weather_pipeline.py for tasks to queue
[2026-08-17T21:34:26.625+0000] {logging_mixin.py:190} INFO - [2026-08-17T21:34:26.625+0000] {dagbag.py:588} INFO - Filling up the DagBag from /opt/airflow/dags/weather_pipeline.py
[2026-08-17T21:34:26.647+0000] {processor.py:925} INFO - DAG(s) 'weather_data_integration_phase7' retrieved from /opt/airflow/dags/weather_pipeline.py
[2026-08-17T21:34:26.672+0000] {logging_mixin.py:190} INFO - [2026-08-17T21:34:26.672+0000] {dag.py:3239} INFO - Sync 1 DAGs
[2026-08-17T21:34:26.688+0000] {logging_mixin.py:190} INFO - [2026-08-17T21:34:26.688+0000] {dag.py:4180} INFO - Setting next_dagrun for weather_data_integration_phase7 to 2026-08-17 04:00:00+00:00, run_after=2026-08-18 04:00:00+00:00
[2026-08-17T21:34:26.714+0000] {processor.py:208} INFO - Processing /opt/airflow/dags/weather_pipeline.py took 0.100 seconds
